Image,Quality,PSNR,SSIM,FSI,Payload,Max EC,Success,,,,,
airplane,50,53.05205803,0.999671381,20,1000,39867,Yes,,,,Rata rata SSIM 6 Foto,Baboon
airplane,50,50.23767881,0.999148123,28,2000,39867,Yes,,QF 50,1000,0.999576471,0.999878481
airplane,50,48.54948448,0.998422357,30,3000,39867,Yes,,,2000,0.998947631,0.999743181
airplane,50,47.42425652,0.997419084,41,4000,39867,Yes,,,3000,0.998168237,0.999569168
airplane,50,46.58531588,0.996085992,59,5000,39867,Yes,,,4000,0.997179138,0.999345272
airplane,50,46.00301341,0.994138199,109,6000,39867,Yes,,,5000,0.9959959,0.99905601
airplane,50,45.43253861,0.993638583,124,7000,39867,Yes,,,6000,0.994761315,0.998647217
airplane,50,44.92300361,0.99329013,117,8000,39867,Yes,,,7000,0.993648451,0.998027861
airplane,50,44.44200902,0.992738924,139,9000,39867,Yes,,,8000,0.992548788,0.997126186
airplane,50,44.00440555,0.991850439,146,10000,39867,Yes,,,9000,0.99185836,0.995933168
airplane,50,43.50010262,0.990297511,214,11000,39867,Yes,,,10000,0.990935866,0.994708456
airplane,50,43.14683877,0.990046278,213,12000,39867,Yes,,,11000,0.989976201,0.994619525
airplane,50,42.78928557,0.98950588,219,13000,39867,Yes,,,12000,0.989499955,0.994511763
airplane,50,42.45500031,0.98875974,226,14000,39867,Yes,,,13000,0.988970066,0.994364424
airplane,50,42.02296174,0.987270205,269,15000,39867,Yes,,,14000,0.988153696,0.994195043
airplane,60,54.86053674,0.999776058,22,1000,46491,Yes,,,15000,0.987337371,0.993949574
airplane,60,51.83411616,0.999387792,43,2000,46491,Yes,,QF 60,1000,0.999687013,0.999921794
airplane,60,50.13583952,0.998859653,37,3000,46491,Yes,,,2000,0.999247412,0.999831864
airplane,60,49.01202451,0.998150314,43,4000,46491,Yes,,,3000,0.998659104,0.999716963
airplane,60,48.14765177,0.997187425,64,5000,46491,Yes,,,4000,0.997965448,0.999570291
airplane,60,47.53962282,0.995779041,90,6000,46491,Yes,,,5000,0.99710974,0.999382729
airplane,60,47.05224137,0.994673697,166,7000,46491,Yes,,,6000,0.996065568,0.999101715
airplane,60,46.58900826,0.994505502,159,8000,46491,Yes,,,7000,0.995108117,0.99868836
airplane,60,46.16164746,0.994215679,176,9000,46491,Yes,,,8000,0.994275295,0.998100826
airplane,60,45.77708635,0.993807298,163,10000,46491,Yes,,,9000,0.993574101,0.997217093
airplane,60,45.40199272,0.993129165,176,11000,46491,Yes,,,10000,0.992934524,0.996175562
airplane,60,44.95028591,0.991909321,213,12000,46491,Yes,,,11000,0.992457194,0.996025108
airplane,60,44.6153522,0.991427164,228,13000,46491,Yes,,,12000,0.991718042,0.995960778
airplane,60,44.30813881,0.991131254,234,14000,46491,Yes,,,13000,0.991135352,0.995878812
airplane,60,44.03109258,0.990745513,245,15000,46491,Yes,,,14000,0.990576151,0.995770596
airplane,70,57.16183602,0.999870036,14,1000,55305,Yes,,,15000,0.989928843,0.995638366
airplane,70,54.16215224,0.999653357,20,2000,55305,Yes,,QF 70,1000,0.99981587,0.999954562
airplane,70,52.44325024,0.999342952,29,3000,55305,Yes,,,2000,0.999539708,0.999899669
airplane,70,51.30746799,0.998917793,46,4000,55305,Yes,,,3000,0.999187744,0.999827274
airplane,70,50.45735474,0.998341583,56,5000,55305,Yes,,,4000,0.998791579,0.999748899
airplane,70,49.80420227,0.997521037,94,6000,55305,Yes,,,5000,0.998292164,0.999640437
airplane,70,49.29785417,0.996597389,109,7000,55305,Yes,,,6000,0.997697897,0.999492157
airplane,70,48.90777752,0.995885879,155,8000,55305,Yes,,,7000,0.996993328,0.999257837
airplane,70,48.48681568,0.995781772,162,9000,55305,Yes,,,8000,0.996342011,0.998947043
airplane,70,48.12572051,0.995636099,137,10000,55305,Yes,,,9000,0.995819801,0.998500106
airplane,70,47.79559239,0.99541806,159,11000,55305,Yes,,,10000,0.995472012,0.997883106
airplane,70,47.50653776,0.995119936,152,12000,55305,Yes,,,11000,0.995136582,0.997429333
airplane,70,47.1415386,0.994543794,152,13000,55305,Yes,,,12000,0.994820592,0.99739737
airplane,70,46.87176426,0.993729612,245,14000,55305,Yes,,,13000,0.994382707,0.997362344
airplane,70,46.60316826,0.993459453,247,15000,55305,Yes,,,14000,0.993986118,0.997316478
airplane,80,60.34670742,0.999936473,21,1000,69516,Yes,,,15000,0.993547119,0.997263505
airplane,80,57.26429591,0.999837221,18,2000,69516,Yes,,QF 80,1000,0.999907376,0.999978073
airplane,80,55.5480783,0.999672239,15,3000,69516,Yes,,,2000,0.999767171,0.999953171
airplane,80,54.32238374,0.999434516,6,4000,69516,Yes,,,3000,0.999589049,0.99992238
airplane,80,53.45129558,0.999140593,12,5000,69516,Yes,,,4000,0.99936925,0.999883754
airplane,80,52.70203935,0.998670155,15,6000,69516,Yes,,,5000,0.999109325,0.999834428
airplane,80,52.10311052,0.998094589,73,7000,69516,Yes,,,6000,0.998791701,0.999766084
airplane,80,51.60578233,0.997502504,80,8000,69516,Yes,,,7000,0.998415876,0.999669984
airplane,80,51.19927721,0.997141255,112,9000,69516,Yes,,,8000,0.997994891,0.999533225
airplane,80,50.86324408,0.997092562,104,10000,69516,Yes,,,9000,0.997590726,0.999330673
airplane,80,50.52335699,0.997005786,126,11000,69516,Yes,,,10000,0.997312026,0.999051439
airplane,80,50.22180338,0.996878685,118,12000,69516,Yes,,,11000,0.99714051,0.998678084
airplane,80,49.92824226,0.996682608,117,13000,69516,Yes,,,12000,0.996998848,0.998650361
airplane,80,49.63726114,0.996370988,125,14000,69516,Yes,,,13000,0.996826041,0.998631264
airplane,80,49.33986687,0.995891281,148,15000,69516,Yes,,,14000,0.996596952,0.998607425
airplane,90,64.61062808,0.999975417,19,1000,103851,Yes,,,15000,0.996316718,0.998577765
airplane,90,61.55890883,0.999932537,-7,2000,103851,Yes,,QF 90,1000,0.999959464,0.999990383
airplane,90,59.82519806,0.999874106,11,3000,103851,Yes,,,2000,0.999901114,0.999979178
airplane,90,58.56688729,0.999788529,-19,4000,103851,Yes,,,3000,0.999826204,0.999965728
airplane,90,57.61577495,0.999664555,-11,5000,103851,Yes,,,4000,0.999738667,0.999949227
airplane,90,56.83267723,0.999481582,26,6000,103851,Yes,,,5000,0.999631028,0.99993021
airplane,90,56.18751694,0.999249296,-31,7000,103851,Yes,,,6000,0.999505592,0.999905682
airplane,90,55.60845803,0.998975904,-7,8000,103851,Yes,,,7000,0.999357488,0.999870297
airplane,90,55.13733518,0.9987129,13,9000,103851,Yes,,,8000,0.999191635,0.999821245
airplane,90,54.74231847,0.998449232,-6,10000,103851,Yes,,,9000,0.999011661,0.99975318
airplane,90,54.45351678,0.998294261,28,11000,103851,Yes,,,10000,0.998807554,0.999646074
airplane,90,54.24559043,0.998278956,44,12000,103851,Yes,,,11000,0.998624454,0.999518396
airplane,90,54.03947368,0.998252024,16,13000,103851,Yes,,,12000,0.998565378,0.999390406
airplane,90,53.85939439,0.998215655,35,14000,103851,Yes,,,13000,0.998531035,0.999385698
airplane,90,53.6864857,0.998162782,-20,15000,103851,Yes,,,14000,0.998489101,0.999379178
baboon,50,52.92076071,0.999878481,24,1000,94578,Yes,,,15000,0.998439036,0.999372366
baboon,50,50.02171389,0.999743181,46,2000,94578,Yes,,,,,
baboon,50,48.31151372,0.999569168,61,3000,94578,Yes,,,,,
baboon,50,47.08399448,0.999345272,60,4000,94578,Yes,,,,,
baboon,50,46.16807404,0.99905601,45,5000,94578,Yes,,,,,
baboon,50,45.42756604,0.998647217,65,6000,94578,Yes,,,,,
baboon,50,44.75857444,0.998027861,67,7000,94578,Yes,,,,,
baboon,50,44.24019642,0.997126186,102,8000,94578,Yes,,,,,
baboon,50,43.8291094,0.995933168,111,9000,94578,Yes,,,,,
baboon,50,43.48486566,0.994708456,133,10000,94578,Yes,,,,,
baboon,50,43.15242145,0.994619525,128,11000,94578,Yes,,,,,
baboon,50,42.85106121,0.994511763,130,12000,94578,Yes,,,,,
baboon,50,42.54934738,0.994364424,130,13000,94578,Yes,,,,,
baboon,50,42.29223955,0.994195043,130,14000,94578,Yes,,,,,
baboon,50,42.03795861,0.993949574,143,15000,94578,Yes,,,,,
baboon,60,54.68319601,0.999921794,8,1000,108879,Yes,,,,,
baboon,60,51.85671745,0.999831864,12,2000,108879,Yes,,,,,
baboon,60,50.09052069,0.999716963,28,3000,108879,Yes,,,,,
baboon,60,48.84104878,0.999570291,49,4000,108879,Yes,,,,,
baboon,60,47.87642667,0.999382729,45,5000,108879,Yes,,,,,
baboon,60,47.10844698,0.999101715,44,6000,108879,Yes,,,,,
baboon,60,46.44251726,0.99868836,57,7000,108879,Yes,,,,,
baboon,60,45.89630877,0.998100826,64,8000,108879,Yes,,,,,
baboon,60,45.41469407,0.997217093,78,9000,108879,Yes,,,,,
baboon,60,45.06041846,0.996175562,97,10000,108879,Yes,,,,,
baboon,60,44.73078531,0.996025108,115,11000,108879,Yes,,,,,
baboon,60,44.4550942,0.995960778,132,12000,108879,Yes,,,,,
baboon,60,44.17708529,0.995878812,116,13000,108879,Yes,,,,,
baboon,60,43.90580706,0.995770596,125,14000,108879,Yes,,,,,
baboon,60,43.66492017,0.995638366,139,15000,108879,Yes,,,,,
baboon,70,57.20285147,0.999954562,25,1000,127848,Yes,,,,,
baboon,70,54.14398783,0.999899669,39,2000,127848,Yes,,,,,
baboon,70,52.33579018,0.999827274,24,3000,127848,Yes,,,,,
baboon,70,51.17606781,0.999748899,48,4000,127848,Yes,,,,,
baboon,70,50.1958724,0.999640437,24,5000,127848,Yes,,,,,
baboon,70,49.4501563,0.999492157,50,6000,127848,Yes,,,,,
baboon,70,48.78223439,0.999257837,46,7000,127848,Yes,,,,,
baboon,70,48.25702185,0.998947043,58,8000,127848,Yes,,,,,
baboon,70,47.77680002,0.998500106,71,9000,127848,Yes,,,,,
baboon,70,47.38879444,0.997883106,78,10000,127848,Yes,,,,,
baboon,70,47.06216521,0.997429333,98,11000,127848,Yes,,,,,
baboon,70,46.79836153,0.99739737,83,12000,127848,Yes,,,,,
baboon,70,46.55632733,0.997362344,91,13000,127848,Yes,,,,,
baboon,70,46.32263484,0.997316478,62,14000,127848,Yes,,,,,
baboon,70,46.11588388,0.997263505,69,15000,127848,Yes,,,,,
baboon,80,60.3821738,0.999978073,7,1000,158055,Yes,,,,,
baboon,80,57.46466933,0.999953171,-15,2000,158055,Yes,,,,,
baboon,80,55.74105507,0.99992238,-9,3000,158055,Yes,,,,,
baboon,80,54.47666705,0.999883754,-4,4000,158055,Yes,,,,,
baboon,80,53.47278135,0.999834428,11,5000,158055,Yes,,,,,
baboon,80,52.67280497,0.999766084,5,6000,158055,Yes,,,,,
baboon,80,52.00131027,0.999669984,-6,7000,158055,Yes,,,,,
baboon,80,51.41980066,0.999533225,21,8000,158055,Yes,,,,,
baboon,80,50.92717883,0.999330673,16,9000,158055,Yes,,,,,
baboon,80,50.49299804,0.999051439,18,10000,158055,Yes,,,,,
baboon,80,50.12573063,0.998678084,33,11000,158055,Yes,,,,,
baboon,80,49.82642187,0.998650361,22,12000,158055,Yes,,,,,
baboon,80,49.54944831,0.998631264,60,13000,158055,Yes,,,,,
baboon,80,49.29152982,0.998607425,19,14000,158055,Yes,,,,,
baboon,80,49.03616007,0.998577765,31,15000,158055,Yes,,,,,
baboon,90,64.38808512,0.999990383,33,1000,219996,Yes,,,,,
baboon,90,61.37568627,0.999979178,-9,2000,219996,Yes,,,,,
baboon,90,59.62901937,0.999965728,25,3000,219996,Yes,,,,,
baboon,90,58.38238142,0.999949227,-12,4000,219996,Yes,,,,,
baboon,90,57.4692193,0.99993021,-18,5000,219996,Yes,,,,,
baboon,90,56.69744065,0.999905682,24,6000,219996,Yes,,,,,
baboon,90,56.02292249,0.999870297,3,7000,219996,Yes,,,,,
baboon,90,55.45368436,0.999821245,14,8000,219996,Yes,,,,,
baboon,90,54.95909631,0.99975318,-19,9000,219996,Yes,,,,,
baboon,90,54.49750069,0.999646074,-4,10000,219996,Yes,,,,,
baboon,90,54.10054354,0.999518396,-3,11000,219996,Yes,,,,,
baboon,90,53.76701195,0.999390406,1,12000,219996,Yes,,,,,
baboon,90,53.59738081,0.999385698,-4,13000,219996,Yes,,,,,
baboon,90,53.41814531,0.999379178,-16,14000,219996,Yes,,,,,
baboon,90,53.25937711,0.999372366,-30,15000,219996,Yes,,,,,
boat,50,53.13773563,0.999681263,23,1000,50691,Yes,,,,,
boat,50,50.05951823,0.999119169,37,2000,50691,Yes,,,,,
boat,50,48.40600444,0.998415098,39,3000,50691,Yes,,,,,
boat,50,47.27814624,0.997611523,69,4000,50691,Yes,,,,,
boat,50,46.37217787,0.996576957,89,5000,50691,Yes,,,,,
boat,50,45.69471835,0.995527937,75,6000,50691,Yes,,,,,
boat,50,45.10312653,0.994123421,104,7000,50691,Yes,,,,,
boat,50,44.68647788,0.992497074,170,8000,50691,Yes,,,,,
boat,50,44.26113308,0.992245573,181,9000,50691,Yes,,,,,
boat,50,43.87995757,0.991854536,163,10000,50691,Yes,,,,,
boat,50,43.52668427,0.991354687,172,11000,50691,Yes,,,,,
boat,50,43.19953543,0.990645281,170,12000,50691,Yes,,,,,
boat,50,42.87973444,0.989682579,212,13000,50691,Yes,,,,,
boat,50,42.55626783,0.988417511,252,14000,50691,Yes,,,,,
boat,50,42.17962048,0.987188756,296,15000,50691,Yes,,,,,
boat,60,54.8665486,0.999778363,29,1000,59109,Yes,,,,,
boat,60,51.71931933,0.999420654,25,2000,59109,Yes,,,,,
boat,60,50.04979141,0.998943075,31,3000,59109,Yes,,,,,
boat,60,48.80719375,0.998306156,36,4000,59109,Yes,,,,,
boat,60,47.95818903,0.997603221,45,5000,59109,Yes,,,,,
boat,60,47.24170572,0.996810537,69,6000,59109,Yes,,,,,
boat,60,46.63444382,0.99577371,61,7000,59109,Yes,,,,,
boat,60,46.1463253,0.99443099,135,8000,59109,Yes,,,,,
boat,60,45.77553532,0.993849915,149,9000,59109,Yes,,,,,
boat,60,45.42697931,0.993647498,154,10000,59109,Yes,,,,,
boat,60,45.10497502,0.993321344,169,11000,59109,Yes,,,,,
boat,60,44.81985984,0.992897465,187,12000,59109,Yes,,,,,
boat,60,44.52834702,0.992320733,191,13000,59109,Yes,,,,,
boat,60,44.24202977,0.991626224,178,14000,59109,Yes,,,,,
boat,60,43.92667351,0.990624157,240,15000,59109,Yes,,,,,
boat,70,57.10442957,0.999861276,-7,1000,70287,Yes,,,,,
boat,70,54.19402354,0.999655164,-15,2000,70287,Yes,,,,,
boat,70,52.46086034,0.999351913,3,3000,70287,Yes,,,,,
boat,70,51.2714,0.99899793,12,4000,70287,Yes,,,,,
boat,70,50.36146835,0.998587444,36,5000,70287,Yes,,,,,
boat,70,49.59275001,0.998082669,27,6000,70287,Yes,,,,,
boat,70,48.95552992,0.997527022,63,7000,70287,Yes,,,,,
boat,70,48.45458539,0.996827693,58,8000,70287,Yes,,,,,
boat,70,48.06973817,0.995987008,123,9000,70287,Yes,,,,,
boat,70,47.73067035,0.995603053,145,10000,70287,Yes,,,,,
boat,70,47.43451857,0.99548887,148,11000,70287,Yes,,,,,
boat,70,47.14506235,0.995323267,153,12000,70287,Yes,,,,,
boat,70,46.88478894,0.99509588,166,13000,70287,Yes,,,,,
boat,70,46.64158663,0.994828659,166,14000,70287,Yes,,,,,
boat,70,46.41277873,0.994505352,147,15000,70287,Yes,,,,,
boat,80,60.08929818,0.999929139,4,1000,89472,Yes,,,,,
boat,80,57.27230986,0.999832613,20,2000,89472,Yes,,,,,
boat,80,55.62173226,0.999704487,38,3000,89472,Yes,,,,,
boat,80,54.39803363,0.99951983,19,4000,89472,Yes,,,,,
boat,80,53.44853276,0.999306029,27,5000,89472,Yes,,,,,
boat,80,52.65868416,0.999047007,20,6000,89472,Yes,,,,,
boat,80,52.00947712,0.998753202,30,7000,89472,Yes,,,,,
boat,80,51.46397513,0.998398035,98,8000,89472,Yes,,,,,
boat,80,51.00765673,0.997945302,72,9000,89472,Yes,,,,,
boat,80,50.63550233,0.99755994,128,10000,89472,Yes,,,,,
boat,80,50.31401995,0.997502306,87,11000,89472,Yes,,,,,
boat,80,50.02017783,0.997418979,105,12000,89472,Yes,,,,,
boat,80,49.73519616,0.997305963,92,13000,89472,Yes,,,,,
boat,80,49.45984223,0.99715259,89,14000,89472,Yes,,,,,
boat,80,49.19514891,0.996956949,84,15000,89472,Yes,,,,,
boat,90,64.40280579,0.999969679,25,1000,136584,Yes,,,,,
boat,90,61.59664673,0.999931352,16,2000,136584,Yes,,,,,
boat,90,59.79422827,0.99987153,17,3000,136584,Yes,,,,,
boat,90,58.5703689,0.999801645,26,4000,136584,Yes,,,,,
boat,90,57.62372799,0.999712276,1,5000,136584,Yes,,,,,
boat,90,56.80304498,0.999608016,2,6000,136584,Yes,,,,,
boat,90,56.13425702,0.999486718,-7,7000,136584,Yes,,,,,
boat,90,55.5610773,0.99936013,-24,8000,136584,Yes,,,,,
boat,90,55.05227275,0.999208946,23,9000,136584,Yes,,,,,
boat,90,54.62686341,0.999043057,13,10000,136584,Yes,,,,,
boat,90,54.24139376,0.998825404,0,11000,136584,Yes,,,,,
boat,90,54.02773564,0.998787791,3,12000,136584,Yes,,,,,
boat,90,53.84103148,0.998768127,39,13000,136584,Yes,,,,,
boat,90,53.65746755,0.998736359,-18,14000,136584,Yes,,,,,
boat,90,53.47397183,0.998698807,17,15000,136584,Yes,,,,,
lake,50,53.25252913,0.999731068,25,1000,55635,Yes,,,,,
lake,50,50.19688535,0.999305386,24,2000,55635,Yes,,,,,
lake,50,48.43439124,0.998776104,36,3000,55635,Yes,,,,,
lake,50,47.25394046,0.998089796,44,4000,55635,Yes,,,,,
lake,50,46.35073766,0.997190734,43,5000,55635,Yes,,,,,
lake,50,45.65606151,0.996088846,66,6000,55635,Yes,,,,,
lake,50,45.11871478,0.994515367,117,7000,55635,Yes,,,,,
lake,50,44.67987171,0.993383901,155,8000,55635,Yes,,,,,
lake,50,44.2493709,0.993155099,147,9000,55635,Yes,,,,,
lake,50,43.86661239,0.992836811,158,10000,55635,Yes,,,,,
lake,50,43.50457681,0.992369165,160,11000,55635,Yes,,,,,
lake,50,43.15380112,0.991752242,162,12000,55635,Yes,,,,,
lake,50,42.86759248,0.991058897,174,13000,55635,Yes,,,,,
lake,50,42.57703101,0.989836841,217,14000,55635,Yes,,,,,
lake,50,42.27485137,0.988724545,255,15000,55635,Yes,,,,,
lake,60,54.6924936,0.999797666,8,1000,64782,Yes,,,,,
lake,60,51.74136758,0.999518523,5,2000,64782,Yes,,,,,
lake,60,49.95423234,0.999143256,11,3000,64782,Yes,,,,,
lake,60,48.82127119,0.998703078,23,4000,64782,Yes,,,,,
lake,60,47.82428937,0.998023536,28,5000,64782,Yes,,,,,
lake,60,47.11166883,0.997162359,46,6000,64782,Yes,,,,,
lake,60,46.53483265,0.996051231,77,7000,64782,Yes,,,,,
lake,60,46.10783881,0.994643169,118,8000,64782,Yes,,,,,
lake,60,45.72823095,0.994241802,148,9000,64782,Yes,,,,,
lake,60,45.37483848,0.99408027,134,10000,64782,Yes,,,,,
lake,60,45.03571832,0.993829126,162,11000,64782,Yes,,,,,
lake,60,44.73061871,0.993498499,144,12000,64782,Yes,,,,,
lake,60,44.44958283,0.993082687,161,13000,64782,Yes,,,,,
lake,60,44.176772,0.992494943,171,14000,64782,Yes,,,,,
lake,60,43.94647742,0.99170883,220,15000,64782,Yes,,,,,
lake,70,56.99988112,0.99989207,-1,1000,77118,Yes,,,,,
lake,70,54.05143782,0.999733585,5,2000,77118,Yes,,,,,
lake,70,52.3464042,0.999529348,10,3000,77118,Yes,,,,,
lake,70,51.17620142,0.999267951,21,4000,77118,Yes,,,,,
lake,70,50.22872663,0.998903699,31,5000,77118,Yes,,,,,
lake,70,49.45413144,0.998399597,29,6000,77118,Yes,,,,,
lake,70,48.8574882,0.997771681,30,7000,77118,Yes,,,,,
lake,70,48.41936899,0.997038102,68,8000,77118,Yes,,,,,
lake,70,48.04457256,0.996129134,119,9000,77118,Yes,,,,,
lake,70,47.73382925,0.995966125,125,10000,77118,Yes,,,,,
lake,70,47.43666426,0.995871294,146,11000,77118,Yes,,,,,
lake,70,47.14523399,0.995734741,128,12000,77118,Yes,,,,,
lake,70,46.87483998,0.995573266,146,13000,77118,Yes,,,,,
lake,70,46.62991517,0.995346225,124,14000,77118,Yes,,,,,
lake,70,46.40124936,0.99505874,139,15000,77118,Yes,,,,,
lake,80,60.43704928,0.999948796,7,1000,97323,Yes,,,,,
lake,80,57.32139402,0.999868909,28,2000,97323,Yes,,,,,
lake,80,55.62424315,0.999770813,34,3000,97323,Yes,,,,,
lake,80,54.36004397,0.9996402,16,4000,97323,Yes,,,,,
lake,80,53.40858446,0.99947434,42,5000,97323,Yes,,,,,
lake,80,52.63684049,0.999242164,12,6000,97323,Yes,,,,,
lake,80,52.0035324,0.998943183,34,7000,97323,Yes,,,,,
lake,80,51.46854601,0.998551625,38,8000,97323,Yes,,,,,
lake,80,50.99568823,0.998021569,72,9000,97323,Yes,,,,,
lake,80,50.6255158,0.997478831,124,10000,97323,Yes,,,,,
lake,80,50.31632119,0.997444069,121,11000,97323,Yes,,,,,
lake,80,50.00535713,0.997383674,123,12000,97323,Yes,,,,,
lake,80,49.71668223,0.997308631,100,13000,97323,Yes,,,,,
lake,80,49.44580355,0.997215084,106,14000,97323,Yes,,,,,
lake,80,49.19351929,0.997088253,124,15000,97323,Yes,,,,,
lake,90,64.4295707,0.999978619,-22,1000,151191,Yes,,,,,
lake,90,61.44549077,0.999951035,2,2000,151191,Yes,,,,,
lake,90,59.75263396,0.999915744,-19,3000,151191,Yes,,,,,
lake,90,58.52986219,0.999869685,3,4000,151191,Yes,,,,,
lake,90,57.55006001,0.999805594,32,5000,151191,Yes,,,,,
lake,90,56.77252282,0.999726999,10,6000,151191,Yes,,,,,
lake,90,56.11369681,0.999627316,10,7000,151191,Yes,,,,,
lake,90,55.53229388,0.999499594,34,8000,151191,Yes,,,,,
lake,90,55.04884926,0.999338306,-45,9000,151191,Yes,,,,,
lake,90,54.61741002,0.999113299,-23,10000,151191,Yes,,,,,
lake,90,54.2361874,0.998843614,18,11000,151191,Yes,,,,,
lake,90,54.01461631,0.998780191,13,12000,151191,Yes,,,,,
lake,90,53.82914017,0.998765394,-37,13000,151191,Yes,,,,,
lake,90,53.64760171,0.998746574,-37,14000,151191,Yes,,,,,
lake,90,53.48549663,0.998724031,-63,15000,151191,Yes,,,,,
peppers,50,53.46672065,0.999473536,9,1000,36081,Yes,,,,,
peppers,50,50.43704928,0.998667668,16,2000,36081,Yes,,,,,
peppers,50,48.76720842,0.997704638,14,3000,36081,Yes,,,,,
peppers,50,47.64994334,0.996413015,44,4000,36081,Yes,,,,,
peppers,50,46.82760583,0.994786749,59,5000,36081,Yes,,,,,
peppers,50,46.20401644,0.993053721,133,6000,36081,Yes,,,,,
peppers,50,45.66281364,0.992045626,173,7000,36081,Yes,,,,,
peppers,50,45.13750982,0.991507007,165,8000,36081,Yes,,,,,
peppers,50,44.6911127,0.990769856,185,9000,36081,Yes,,,,,
peppers,50,44.22810626,0.989613474,222,10000,36081,Yes,,,,,
peppers,50,43.85873767,0.988111979,300,11000,36081,Yes,,,,,
peppers,50,43.43400901,0.987591554,309,12000,36081,Yes,,,,,
peppers,50,43.03303307,0.986756003,329,13000,36081,Yes,,,,,
peppers,50,42.530139,0.985260431,398,14000,36081,Yes,,,,,
peppers,50,42.10559637,0.984438536,392,15000,36081,Yes,,,,,
peppers,60,54.78428035,0.999604647,49,1000,43509,Yes,,,,,
peppers,60,52.02066068,0.999069793,41,2000,43509,Yes,,,,,
peppers,60,50.2164441,0.998269805,50,3000,43509,Yes,,,,,
peppers,60,49.12993566,0.997354666,67,4000,43509,Yes,,,,,
peppers,60,48.24606894,0.996122732,102,5000,43509,Yes,,,,,
peppers,60,47.55729824,0.994782733,136,6000,43509,Yes,,,,,
peppers,60,47.02661183,0.993353242,219,7000,43509,Yes,,,,,
peppers,60,46.61684846,0.992763103,235,8000,43509,Yes,,,,,
peppers,60,46.19426832,0.992372999,252,9000,43509,Yes,,,,,
peppers,60,45.80335483,0.991789436,245,10000,43509,Yes,,,,,
peppers,60,45.44695473,0.991074382,267,11000,43509,Yes,,,,,
peppers,60,45.1306047,0.990080432,317,12000,43509,Yes,,,,,
peppers,60,44.83657992,0.989196793,377,13000,43509,Yes,,,,,
peppers,60,44.50980431,0.988838449,384,14000,43509,Yes,,,,,
peppers,60,44.17653204,0.988264674,400,15000,43509,Yes,,,,,
peppers,70,57.22095185,0.999770846,25,1000,53805,Yes,,,,,
peppers,70,54.17013144,0.999397891,27,2000,53805,Yes,,,,,
peppers,70,52.53266265,0.998947746,69,3000,53805,Yes,,,,,
peppers,70,51.40621985,0.9984049,59,4000,53805,Yes,,,,,
peppers,70,50.47360522,0.997637074,68,5000,53805,Yes,,,,,
peppers,70,49.8017188,0.996880037,93,6000,53805,Yes,,,,,
peppers,70,49.21290273,0.995943782,134,7000,53805,Yes,,,,,
peppers,70,48.76812923,0.995040368,196,8000,53805,Yes,,,,,
peppers,70,48.39283926,0.994651532,197,9000,53805,Yes,,,,,
peppers,70,48.04926884,0.994435468,236,10000,53805,Yes,,,,,
peppers,70,47.74459277,0.99416835,222,11000,53805,Yes,,,,,
peppers,70,47.46619019,0.993812725,217,12000,53805,Yes,,,,,
peppers,70,47.17173479,0.993291517,241,13000,53805,Yes,,,,,
peppers,70,46.91780447,0.992672192,281,14000,53805,Yes,,,,,
peppers,70,46.62352911,0.991759348,371,15000,53805,Yes,,,,,
peppers,80,60.61006579,0.999891868,28,1000,70980,Yes,,,,,
peppers,80,57.61386251,0.999723364,34,2000,70980,Yes,,,,,
peppers,80,55.81526559,0.999489435,35,3000,70980,Yes,,,,,
peppers,80,54.66115644,0.999217568,45,4000,70980,Yes,,,,,
peppers,80,53.69673876,0.998846553,53,5000,70980,Yes,,,,,
peppers,80,52.95186973,0.998457012,52,6000,70980,Yes,,,,,
peppers,80,52.32367912,0.997982106,59,7000,70980,Yes,,,,,
peppers,80,51.78864798,0.997461704,105,8000,70980,Yes,,,,,
peppers,80,51.33561778,0.996926844,139,9000,70980,Yes,,,,,
peppers,80,50.94747581,0.996761148,139,10000,70980,Yes,,,,,
peppers,80,50.59318076,0.996642473,157,11000,70980,Yes,,,,,
peppers,80,50.27085205,0.996464121,138,12000,70980,Yes,,,,,
peppers,80,49.96319142,0.996229208,164,13000,70980,Yes,,,,,
peppers,80,49.6906004,0.995945816,164,14000,70980,Yes,,,,,
peppers,80,49.43796167,0.995603607,181,15000,70980,Yes,,,,,
peppers,90,64.52818079,0.999953526,-9,1000,117591,Yes,,,,,
peppers,90,61.50417044,0.999881049,62,2000,117591,Yes,,,,,
peppers,90,59.84506641,0.999793711,24,3000,117591,Yes,,,,,
peppers,90,58.60644833,0.999684526,-12,4000,117591,Yes,,,,,
peppers,90,57.65984662,0.999551197,-18,5000,117591,Yes,,,,,
peppers,90,56.86634985,0.999395869,-61,6000,117591,Yes,,,,,
peppers,90,56.2109852,0.99922667,-49,7000,117591,Yes,,,,,
peppers,90,55.6471872,0.999027443,-15,8000,117591,Yes,,,,,
peppers,90,55.16972045,0.998820803,19,9000,117591,Yes,,,,,
peppers,90,54.73276219,0.998588095,-15,10000,117591,Yes,,,,,
peppers,90,54.37662357,0.998366268,16,11000,117591,Yes,,,,,
peppers,90,54.1960986,0.998343139,9,12000,117591,Yes,,,,,
peppers,90,54.00236884,0.998302323,10,13000,117591,Yes,,,,,
peppers,90,53.81777224,0.998257035,10,14000,117591,Yes,,,,,
peppers,90,53.64105656,0.998198258,4,15000,117591,Yes,,,,,
splash,50,53.52134459,0.999023097,23,1000,24846,Yes,,,,,
splash,50,50.58608933,0.997702258,31,2000,24846,Yes,,,,,
splash,50,49.03128552,0.996122058,49,3000,24846,Yes,,,,,
splash,50,47.93354895,0.99419614,96,4000,24846,Yes,,,,,
splash,50,47.16129264,0.992278957,183,5000,24846,Yes,,,,,
splash,50,46.48660834,0.991111967,211,6000,24846,Yes,,,,,
splash,50,45.43352669,0.989539851,255,7000,24846,Yes,,,,,
splash,50,44.59788167,0.987488432,305,8000,24846,Yes,,,,,
splash,50,44.11005094,0.986307539,313,9000,24846,Yes,,,,,
splash,50,43.52778055,0.984751484,386,10000,24846,Yes,,,,,
splash,50,42.83286554,0.983104337,428,11000,24846,Yes,,,,,
splash,50,42.40316661,0.982452612,438,12000,24846,No,,,,,
splash,50,42.40316661,0.982452612,438,13000,24846,No,,,,,
splash,50,42.40316661,0.982452612,438,14000,24846,No,,,,,
splash,50,42.40316661,0.982452612,438,15000,24846,No,,,,,
splash,60,54.94682246,0.999243549,42,1000,31221,Yes,,,,,
splash,60,52.18660798,0.998255847,34,2000,31221,Yes,,,,,
splash,60,50.57633203,0.997021875,82,3000,31221,Yes,,,,,
splash,60,49.4426651,0.995708181,95,4000,31221,Yes,,,,,
splash,60,48.58881296,0.994338795,149,5000,31221,Yes,,,,,
splash,60,47.91495527,0.99275702,243,6000,31221,Yes,,,,,
splash,60,47.37023268,0.992108462,269,7000,31221,Yes,,,,,
splash,60,46.85031971,0.991208182,287,8000,31221,Yes,,,,,
splash,60,45.87211238,0.989547116,344,9000,31221,Yes,,,,,
splash,60,45.45045677,0.98810708,406,10000,31221,Yes,,,,,
splash,60,45.09656414,0.987364042,450,11000,31221,Yes,,,,,
splash,60,44.57175584,0.985961759,501,12000,31221,Yes,,,,,
splash,60,44.15711295,0.984905925,540,13000,31221,Yes,,,,,
splash,60,43.62587562,0.983595443,595,14000,31221,Yes,,,,,
splash,60,43.00899915,0.982591515,629,15000,31221,No,,,,,
splash,70,57.4793316,0.999546429,27,1000,40233,Yes,,,,,
splash,70,54.70399311,0.998898585,47,2000,40233,Yes,,,,,
splash,70,53.0414213,0.998127232,59,3000,40233,Yes,,,,,
splash,70,51.92773695,0.997412001,112,4000,40233,Yes,,,,,
splash,70,51.07843752,0.996642748,130,5000,40233,Yes,,,,,
splash,70,50.3898036,0.995811882,155,6000,40233,Yes,,,,,
splash,70,49.77882581,0.994862257,218,7000,40233,Yes,,,,,
splash,70,49.31370546,0.99431298,271,8000,40233,Yes,,,,,
splash,70,48.89027866,0.993869256,282,9000,40233,Yes,,,,,
splash,70,48.49680735,0.993308222,302,10000,40233,Yes,,,,,
splash,70,47.87861466,0.992443585,321,11000,40233,Yes,,,,,
splash,70,47.41296531,0.991535516,376,12000,40233,Yes,,,,,
splash,70,46.97180397,0.990429442,470,13000,40233,Yes,,,,,
splash,70,46.67483505,0.990023544,469,14000,40233,Yes,,,,,
splash,70,46.2809918,0.989236315,489,15000,40233,Yes,,,,,
splash,80,60.51666553,0.999759909,0,1000,54756,Yes,,,,,
splash,80,57.69896714,0.999387747,2,2000,54756,Yes,,,,,
splash,80,56.01528175,0.998974939,23,3000,54756,Yes,,,,,
splash,80,54.81883967,0.998519629,52,4000,54756,Yes,,,,,
splash,80,53.88082297,0.998054008,68,5000,54756,Yes,,,,,
splash,80,53.13338254,0.997567783,79,6000,54756,Yes,,,,,
splash,80,52.50123327,0.997052194,99,7000,54756,Yes,,,,,
splash,80,51.97192378,0.996522254,147,8000,54756,Yes,,,,,
splash,80,51.49499425,0.996178716,169,9000,54756,Yes,,,,,
splash,80,51.11882845,0.995928234,170,10000,54756,Yes,,,,,
splash,80,50.74780488,0.995570339,198,11000,54756,Yes,,,,,
splash,80,50.41984012,0.995197265,201,12000,54756,Yes,,,,,
splash,80,50.11857675,0.994798573,207,13000,54756,Yes,,,,,
splash,80,49.70340756,0.994289808,259,14000,54756,Yes,,,,,
splash,80,49.40726841,0.993782451,315,15000,54756,Yes,,,,,
splash,90,64.46290448,0.999889158,16,1000,89463,Yes,,,,,
splash,90,61.57938583,0.999731533,21,2000,89463,Yes,,,,,
splash,90,59.82128417,0.999536404,27,3000,89463,Yes,,,,,
splash,90,58.63445008,0.99933839,35,4000,89463,Yes,,,,,
splash,90,57.67145639,0.999122337,9,5000,89463,Yes,,,,,
splash,90,56.92820413,0.998915407,32,6000,89463,Yes,,,,,
splash,90,56.29723182,0.998684629,13,7000,89463,Yes,,,,,
splash,90,55.71571059,0.998465492,-6,8000,89463,Yes,,,,,
splash,90,55.25056109,0.998235832,8,9000,89463,Yes,,,,,
splash,90,54.81752617,0.998005564,-3,10000,89463,Yes,,,,,
splash,90,54.54055726,0.997898778,26,11000,89463,Yes,,,,,
splash,90,54.31570276,0.997811783,5,12000,89463,Yes,,,,,
splash,90,54.11431964,0.997712642,11,13000,89463,Yes,,,,,
splash,90,53.90836916,0.997599804,2,14000,89463,Yes,,,,,
splash,90,53.71527947,0.997477971,3,15000,89463,Yes,,,,,
