Image,Quality,Payload,PSNR,SSIM,FSI,Max EC,Success,,Image,Quality,PSNR,SSIM,FSI,Payload,Max EC,Success,,PSNR DESC,PSNR ASC,SELISIH,,SSIM DESC,SSIM ASC,SELISIH
airplane,50,1000,55.34713729,0.998141313,86,39867,Yes,,airplane,50,53.05205803,0.999671381,20,1000,39867,Yes,,55.34713729,53.05205803,2.295079256,,0.998141313,0.999671381,-0.001530068
airplane,50,2000,51.8023234,0.996825015,90,39867,Yes,,airplane,50,50.23767881,0.999148123,28,2000,39867,Yes,,51.8023234,50.23767881,1.564644591,,0.996825015,0.999148123,-0.002323108
airplane,50,3000,49.66196287,0.995792586,98,39867,Yes,,airplane,50,48.54948448,0.998422357,30,3000,39867,Yes,,49.66196287,48.54948448,1.112478389,,0.995792586,0.998422357,-0.002629771
airplane,50,4000,48.21881537,0.995088803,92,39867,Yes,,airplane,50,47.42425652,0.997419084,41,4000,39867,Yes,,48.21881537,47.42425652,0.794558851,,0.995088803,0.997419084,-0.002330281
airplane,50,5000,47.03678627,0.994565393,103,39867,Yes,,airplane,50,46.58531588,0.996085992,59,5000,39867,Yes,,47.03678627,46.58531588,0.451470386,,0.994565393,0.996085992,-0.001520599
airplane,50,6000,46.1136864,0.994241069,106,39867,Yes,,airplane,50,46.00301341,0.994138199,109,6000,39867,Yes,,46.1136864,46.00301341,0.110672987,,0.994241069,0.994138199,0.00010287
airplane,50,7000,45.25643737,0.992558637,152,39867,Yes,,airplane,50,45.43253861,0.993638583,124,7000,39867,Yes,,45.25643737,45.43253861,-0.17610124,,0.992558637,0.993638583,-0.001079946
airplane,50,8000,44.75717999,0.991772373,162,39867,Yes,,airplane,50,44.92300361,0.99329013,117,8000,39867,Yes,,44.75717999,44.92300361,-0.165823621,,0.991772373,0.99329013,-0.001517757
airplane,50,9000,44.31635663,0.991252379,167,39867,Yes,,airplane,50,44.44200902,0.992738924,139,9000,39867,Yes,,44.31635663,44.44200902,-0.12565239,,0.991252379,0.992738924,-0.001486545
airplane,50,10000,43.91926713,0.990905467,154,39867,Yes,,airplane,50,44.00440555,0.991850439,146,10000,39867,Yes,,43.91926713,44.00440555,-0.085138421,,0.990905467,0.991850439,-0.000944972
airplane,50,11000,43.48095118,0.990394708,173,39867,Yes,,airplane,50,43.50010262,0.990297511,214,11000,39867,Yes,,43.48095118,43.50010262,-0.019151437,,0.990394708,0.990297511,9.71967E-05
airplane,50,12000,42.98405907,0.989099985,222,39867,Yes,,airplane,50,43.14683877,0.990046278,213,12000,39867,Yes,,42.98405907,43.14683877,-0.162779703,,0.989099985,0.990046278,-0.000946293
airplane,50,13000,42.63931932,0.988449324,231,39867,Yes,,airplane,50,42.78928557,0.98950588,219,13000,39867,Yes,,42.63931932,42.78928557,-0.149966246,,0.988449324,0.98950588,-0.001056556
airplane,50,14000,42.32524991,0.988006383,244,39867,Yes,,airplane,50,42.45500031,0.98875974,226,14000,39867,Yes,,42.32524991,42.45500031,-0.129750397,,0.988006383,0.98875974,-0.000753357
airplane,50,15000,41.98982587,0.987402206,255,39867,Yes,,airplane,50,42.02296174,0.987270205,269,15000,39867,Yes,,41.98982587,42.02296174,-0.033135865,,0.987402206,0.987270205,0.000132001
airplane,60,1000,56.76320228,0.998517903,88,46491,Yes,,airplane,60,54.86053674,0.999776058,22,1000,46491,Yes,,56.76320228,54.86053674,1.902665541,,0.998517903,0.999776058,-0.001258155
airplane,60,2000,53.50652429,0.997211442,124,46491,Yes,,airplane,60,51.83411616,0.999387792,43,2000,46491,Yes,,53.50652429,51.83411616,1.672408131,,0.997211442,0.999387792,-0.00217635
airplane,60,3000,51.42128477,0.996308531,136,46491,Yes,,airplane,60,50.13583952,0.998859653,37,3000,46491,Yes,,51.42128477,50.13583952,1.285445254,,0.996308531,0.998859653,-0.002551122
airplane,60,4000,49.84329665,0.995603093,151,46491,Yes,,airplane,60,49.01202451,0.998150314,43,4000,46491,Yes,,49.84329665,49.01202451,0.831272139,,0.995603093,0.998150314,-0.002547221
airplane,60,5000,48.67155592,0.99510761,147,46491,Yes,,airplane,60,48.14765177,0.997187425,64,5000,46491,Yes,,48.67155592,48.14765177,0.523904151,,0.99510761,0.997187425,-0.002079815
airplane,60,6000,47.71299879,0.994735804,131,46491,Yes,,airplane,60,47.53962282,0.995779041,90,6000,46491,Yes,,47.71299879,47.53962282,0.173375974,,0.994735804,0.995779041,-0.001043237
airplane,60,7000,47.01398806,0.99433049,150,46491,Yes,,airplane,60,47.05224137,0.994673697,166,7000,46491,Yes,,47.01398806,47.05224137,-0.038253306,,0.99433049,0.994673697,-0.000343207
airplane,60,8000,46.38222333,0.993022206,230,46491,Yes,,airplane,60,46.58900826,0.994505502,159,8000,46491,Yes,,46.38222333,46.58900826,-0.206784931,,0.993022206,0.994505502,-0.001483296
airplane,60,9000,45.96080242,0.992351715,238,46491,Yes,,airplane,60,46.16164746,0.994215679,176,9000,46491,Yes,,45.96080242,46.16164746,-0.200845038,,0.992351715,0.994215679,-0.001863964
airplane,60,10000,45.58746009,0.991935646,246,46491,Yes,,airplane,60,45.77708635,0.993807298,163,10000,46491,Yes,,45.58746009,45.77708635,-0.189626256,,0.991935646,0.993807298,-0.001871652
airplane,60,11000,45.25618097,0.99166338,235,46491,Yes,,airplane,60,45.40199272,0.993129165,176,11000,46491,Yes,,45.25618097,45.40199272,-0.145811749,,0.99166338,0.993129165,-0.001465785
airplane,60,12000,44.92814365,0.991478596,244,46491,Yes,,airplane,60,44.95028591,0.991909321,213,12000,46491,Yes,,44.92814365,44.95028591,-0.022142262,,0.991478596,0.991909321,-0.000430725
airplane,60,13000,44.35975891,0.990230109,285,46491,Yes,,airplane,60,44.6153522,0.991427164,228,13000,46491,Yes,,44.35975891,44.6153522,-0.255593293,,0.990230109,0.991427164,-0.001197055
airplane,60,14000,44.0128508,0.989521033,298,46491,Yes,,airplane,60,44.30813881,0.991131254,234,14000,46491,Yes,,44.0128508,44.30813881,-0.29528801,,0.989521033,0.991131254,-0.001610221
airplane,60,15000,43.75713645,0.98912414,305,46491,Yes,,airplane,60,44.03109258,0.990745513,245,15000,46491,Yes,,43.75713645,44.03109258,-0.273956127,,0.98912414,0.990745513,-0.001621373
airplane,70,1000,59.45096451,0.999129961,88,55305,Yes,,airplane,70,57.16183602,0.999870036,14,1000,55305,Yes,,59.45096451,57.16183602,2.28912849,,0.999129961,0.999870036,-0.000740075
airplane,70,2000,56.07492951,0.998195401,131,55305,Yes,,airplane,70,54.16215224,0.999653357,20,2000,55305,Yes,,56.07492951,54.16215224,1.912777273,,0.998195401,0.999653357,-0.001457956
airplane,70,3000,53.88381274,0.997416525,122,55305,Yes,,airplane,70,52.44325024,0.999342952,29,3000,55305,Yes,,53.88381274,52.44325024,1.440562499,,0.997416525,0.999342952,-0.001926427
airplane,70,4000,52.44110428,0.996892227,159,55305,Yes,,airplane,70,51.30746799,0.998917793,46,4000,55305,Yes,,52.44110428,51.30746799,1.133636288,,0.996892227,0.998917793,-0.002025566
airplane,70,5000,51.28672315,0.99649423,147,55305,Yes,,airplane,70,50.45735474,0.998341583,56,5000,55305,Yes,,51.28672315,50.45735474,0.829368408,,0.99649423,0.998341583,-0.001847353
airplane,70,6000,50.27611602,0.996199249,159,55305,Yes,,airplane,70,49.80420227,0.997521037,94,6000,55305,Yes,,50.27611602,49.80420227,0.471913754,,0.996199249,0.997521037,-0.001321788
airplane,70,7000,49.44957269,0.996007176,150,55305,Yes,,airplane,70,49.29785417,0.996597389,109,7000,55305,Yes,,49.44957269,49.29785417,0.151718522,,0.996007176,0.996597389,-0.000590213
airplane,70,8000,48.83054532,0.995646116,172,55305,Yes,,airplane,70,48.90777752,0.995885879,155,8000,55305,Yes,,48.83054532,48.90777752,-0.0772322,,0.995646116,0.995885879,-0.000239763
airplane,70,9000,48.37906478,0.994810346,225,55305,Yes,,airplane,70,48.48681568,0.995781772,162,9000,55305,Yes,,48.37906478,48.48681568,-0.107750896,,0.994810346,0.995781772,-0.000971426
airplane,70,10000,48.03506556,0.994356198,261,55305,Yes,,airplane,70,48.12572051,0.995636099,137,10000,55305,Yes,,48.03506556,48.12572051,-0.090654952,,0.994356198,0.995636099,-0.001279901
airplane,70,11000,47.70220812,0.994024832,269,55305,Yes,,airplane,70,47.79559239,0.99541806,159,11000,55305,Yes,,47.70220812,47.79559239,-0.093384273,,0.994024832,0.99541806,-0.001393228
airplane,70,12000,47.40457569,0.993825198,276,55305,Yes,,airplane,70,47.50653776,0.995119936,152,12000,55305,Yes,,47.40457569,47.50653776,-0.101962065,,0.993825198,0.995119936,-0.001294738
airplane,70,13000,47.12014085,0.993682855,272,55305,Yes,,airplane,70,47.1415386,0.994543794,152,13000,55305,Yes,,47.12014085,47.1415386,-0.021397749,,0.993682855,0.994543794,-0.000860939
airplane,70,14000,46.8483463,0.993595785,254,55305,Yes,,airplane,70,46.87176426,0.993729612,245,14000,55305,Yes,,46.8483463,46.87176426,-0.023417955,,0.993595785,0.993729612,-0.000133827
airplane,70,15000,46.29971981,0.992590121,322,55305,Yes,,airplane,70,46.60316826,0.993459453,247,15000,55305,Yes,,46.29971981,46.60316826,-0.303448454,,0.992590121,0.993459453,-0.000869332
airplane,80,1000,61.66264682,0.999436078,90,69516,Yes,,airplane,80,60.34670742,0.999936473,21,1000,69516,Yes,,61.66264682,60.34670742,1.315939395,,0.999436078,0.999936473,-0.000500395
airplane,80,2000,58.41038404,0.998844972,89,69516,Yes,,airplane,80,57.26429591,0.999837221,18,2000,69516,Yes,,58.41038404,57.26429591,1.146088133,,0.998844972,0.999837221,-0.000992249
airplane,80,3000,56.46159553,0.998315469,117,69516,Yes,,airplane,80,55.5480783,0.999672239,15,3000,69516,Yes,,56.46159553,55.5480783,0.913517233,,0.998315469,0.999672239,-0.00135677
airplane,80,4000,55.10246654,0.997917717,113,69516,Yes,,airplane,80,54.32238374,0.999434516,6,4000,69516,Yes,,55.10246654,54.32238374,0.780082801,,0.997917717,0.999434516,-0.001516799
airplane,80,5000,54.05079026,0.997645323,136,69516,Yes,,airplane,80,53.45129558,0.999140593,12,5000,69516,Yes,,54.05079026,53.45129558,0.599494682,,0.997645323,0.999140593,-0.00149527
airplane,80,6000,53.16785451,0.997460997,110,69516,Yes,,airplane,80,52.70203935,0.998670155,15,6000,69516,Yes,,53.16785451,52.70203935,0.465815156,,0.997460997,0.998670155,-0.001209158
airplane,80,7000,52.40123965,0.997326792,106,69516,Yes,,airplane,80,52.10311052,0.998094589,73,7000,69516,Yes,,52.40123965,52.10311052,0.298129131,,0.997326792,0.998094589,-0.000767797
airplane,80,8000,51.75169011,0.997239043,100,69516,Yes,,airplane,80,51.60578233,0.997502504,80,8000,69516,Yes,,51.75169011,51.60578233,0.145907777,,0.997239043,0.997502504,-0.000263461
airplane,80,9000,51.24457817,0.996951755,148,69516,Yes,,airplane,80,51.19927721,0.997141255,112,9000,69516,Yes,,51.24457817,51.19927721,0.045300957,,0.996951755,0.997141255,-0.0001895
airplane,80,10000,50.83854327,0.996392041,237,69516,Yes,,airplane,80,50.86324408,0.997092562,104,10000,69516,Yes,,50.83854327,50.86324408,-0.02470081,,0.996392041,0.997092562,-0.000700521
airplane,80,11000,50.52375938,0.996015482,261,69516,Yes,,airplane,80,50.52335699,0.997005786,126,11000,69516,Yes,,50.52375938,50.52335699,0.000402395,,0.996015482,0.997005786,-0.000990304
airplane,80,12000,50.19603232,0.995750471,241,69516,Yes,,airplane,80,50.22180338,0.996878685,118,12000,69516,Yes,,50.19603232,50.22180338,-0.025771056,,0.995750471,0.996878685,-0.001128214
airplane,80,13000,49.88808126,0.995563558,261,69516,Yes,,airplane,80,49.92824226,0.996682608,117,13000,69516,Yes,,49.88808126,49.92824226,-0.040161,,0.995563558,0.996682608,-0.00111905
airplane,80,14000,49.61801572,0.995442878,225,69516,Yes,,airplane,80,49.63726114,0.996370988,125,14000,69516,Yes,,49.61801572,49.63726114,-0.019245418,,0.995442878,0.996370988,-0.00092811
airplane,80,15000,49.36424966,0.995368136,239,69516,Yes,,airplane,80,49.33986687,0.995891281,148,15000,69516,Yes,,49.36424966,49.33986687,0.024382791,,0.995368136,0.995891281,-0.000523145
airplane,90,1000,65.3578851,0.9997259,21,103851,Yes,,airplane,90,64.61062808,0.999975417,19,1000,103851,Yes,,65.3578851,64.61062808,0.74725702,,0.9997259,0.999975417,-0.000249517
airplane,90,2000,62.19036119,0.99945328,17,103851,Yes,,airplane,90,61.55890883,0.999932537,-7,2000,103851,Yes,,62.19036119,61.55890883,0.631452359,,0.99945328,0.999932537,-0.000479257
airplane,90,3000,60.31371869,0.999185485,44,103851,Yes,,airplane,90,59.82519806,0.999874106,11,3000,103851,Yes,,60.31371869,59.82519806,0.488520633,,0.999185485,0.999874106,-0.000688621
airplane,90,4000,59.08100055,0.998955229,63,103851,Yes,,airplane,90,58.56688729,0.999788529,-19,4000,103851,Yes,,59.08100055,58.56688729,0.514113261,,0.998955229,0.999788529,-0.0008333
airplane,90,5000,58.05939366,0.998742622,51,103851,Yes,,airplane,90,57.61577495,0.999664555,-11,5000,103851,Yes,,58.05939366,57.61577495,0.44361871,,0.998742622,0.999664555,-0.000921933
airplane,90,6000,57.23980263,0.998588114,60,103851,Yes,,airplane,90,56.83267723,0.999481582,26,6000,103851,Yes,,57.23980263,56.83267723,0.407125403,,0.998588114,0.999481582,-0.000893468
airplane,90,7000,56.521225,0.998481717,35,103851,Yes,,airplane,90,56.18751694,0.999249296,-31,7000,103851,Yes,,56.521225,56.18751694,0.333708063,,0.998481717,0.999249296,-0.000767579
airplane,90,8000,55.90166004,0.998408067,29,103851,Yes,,airplane,90,55.60845803,0.998975904,-7,8000,103851,Yes,,55.90166004,55.60845803,0.293202006,,0.998408067,0.998975904,-0.000567837
airplane,90,9000,55.33746082,0.998355155,23,103851,Yes,,airplane,90,55.13733518,0.9987129,13,9000,103851,Yes,,55.33746082,55.13733518,0.200125639,,0.998355155,0.9987129,-0.000357745
airplane,90,10000,54.83098908,0.998319281,35,103851,Yes,,airplane,90,54.74231847,0.998449232,-6,10000,103851,Yes,,54.83098908,54.74231847,0.088670607,,0.998319281,0.998449232,-0.000129951
airplane,90,11000,54.45401411,0.998220232,52,103851,Yes,,airplane,90,54.45351678,0.998294261,28,11000,103851,Yes,,54.45401411,54.45351678,0.000497327,,0.998220232,0.998294261,-7.40285E-05
airplane,90,12000,54.24694506,0.998058984,90,103851,Yes,,airplane,90,54.24559043,0.998278956,44,12000,103851,Yes,,54.24694506,54.24559043,0.001354629,,0.998058984,0.998278956,-0.000219972
airplane,90,13000,54.03127951,0.997893677,85,103851,Yes,,airplane,90,54.03947368,0.998252024,16,13000,103851,Yes,,54.03127951,54.03947368,-0.008194174,,0.997893677,0.998252024,-0.000358347
airplane,90,14000,53.84195704,0.997756878,88,103851,Yes,,airplane,90,53.85939439,0.998215655,35,14000,103851,Yes,,53.84195704,53.85939439,-0.017437351,,0.997756878,0.998215655,-0.000458777
airplane,90,15000,53.67144801,0.997643035,89,103851,Yes,,airplane,90,53.6864857,0.998162782,-20,15000,103851,Yes,,53.67144801,53.6864857,-0.015037689,,0.997643035,0.998162782,-0.000519747
baboon,50,1000,54.43706622,0.998483834,85,94578,Yes,,baboon,50,52.92076071,0.999878481,24,1000,94578,Yes,,54.43706622,52.92076071,1.516305506,,0.998483834,0.999878481,-0.001394647
baboon,50,2000,51.14120297,0.99731796,92,94578,Yes,,baboon,50,50.02171389,0.999743181,46,2000,94578,Yes,,51.14120297,50.02171389,1.119489079,,0.99731796,0.999743181,-0.002425221
baboon,50,3000,49.10541992,0.996510469,95,94578,Yes,,baboon,50,48.31151372,0.999569168,61,3000,94578,Yes,,49.10541992,48.31151372,0.793906196,,0.996510469,0.999569168,-0.003058699
baboon,50,4000,47.79747918,0.996023087,128,94578,Yes,,baboon,50,47.08399448,0.999345272,60,4000,94578,Yes,,47.79747918,47.08399448,0.713484697,,0.996023087,0.999345272,-0.003322185
baboon,50,5000,46.71174415,0.995640348,128,94578,Yes,,baboon,50,46.16807404,0.99905601,45,5000,94578,Yes,,46.71174415,46.16807404,0.543670107,,0.995640348,0.99905601,-0.003415662
baboon,50,6000,45.86979857,0.995383886,122,94578,Yes,,baboon,50,45.42756604,0.998647217,65,6000,94578,Yes,,45.86979857,45.42756604,0.442232533,,0.995383886,0.998647217,-0.003263331
baboon,50,7000,45.15315543,0.99518749,114,94578,Yes,,baboon,50,44.75857444,0.998027861,67,7000,94578,Yes,,45.15315543,44.75857444,0.394580992,,0.99518749,0.998027861,-0.002840371
baboon,50,8000,44.53011816,0.995029779,132,94578,Yes,,baboon,50,44.24019642,0.997126186,102,8000,94578,Yes,,44.53011816,44.24019642,0.289921743,,0.995029779,0.997126186,-0.002096407
baboon,50,9000,43.9732677,0.994902192,141,94578,Yes,,baboon,50,43.8291094,0.995933168,111,9000,94578,Yes,,43.9732677,43.8291094,0.144158304,,0.994902192,0.995933168,-0.001030976
baboon,50,10000,43.49011512,0.994307939,198,94578,Yes,,baboon,50,43.48486566,0.994708456,133,10000,94578,Yes,,43.49011512,43.48486566,0.005249464,,0.994307939,0.994708456,-0.000400517
baboon,50,11000,43.17159179,0.99310121,199,94578,Yes,,baboon,50,43.15242145,0.994619525,128,11000,94578,Yes,,43.17159179,43.15242145,0.019170337,,0.99310121,0.994619525,-0.001518315
baboon,50,12000,42.8606406,0.99226571,225,94578,Yes,,baboon,50,42.85106121,0.994511763,130,12000,94578,Yes,,42.8606406,42.85106121,0.009579388,,0.99226571,0.994511763,-0.002246053
baboon,50,13000,42.58124359,0.991754964,232,94578,Yes,,baboon,50,42.54934738,0.994364424,130,13000,94578,Yes,,42.58124359,42.54934738,0.03189621,,0.991754964,0.994364424,-0.00260946
baboon,50,14000,42.32599852,0.99141993,214,94578,Yes,,baboon,50,42.29223955,0.994195043,130,14000,94578,Yes,,42.32599852,42.29223955,0.033758972,,0.99141993,0.994195043,-0.002775113
baboon,50,15000,42.07293502,0.991178104,208,94578,Yes,,baboon,50,42.03795861,0.993949574,143,15000,94578,Yes,,42.07293502,42.03795861,0.034976414,,0.991178104,0.993949574,-0.00277147
baboon,60,1000,56.17947562,0.998941913,54,108879,Yes,,baboon,60,54.68319601,0.999921794,8,1000,108879,Yes,,56.17947562,54.68319601,1.496279613,,0.998941913,0.999921794,-0.000979881
baboon,60,2000,52.78029704,0.998124618,50,108879,Yes,,baboon,60,51.85671745,0.999831864,12,2000,108879,Yes,,52.78029704,51.85671745,0.923579592,,0.998124618,0.999831864,-0.001707246
baboon,60,3000,50.67434038,0.99747885,73,108879,Yes,,baboon,60,50.09052069,0.999716963,28,3000,108879,Yes,,50.67434038,50.09052069,0.583819687,,0.99747885,0.999716963,-0.002238113
baboon,60,4000,49.39091755,0.997109671,68,108879,Yes,,baboon,60,48.84104878,0.999570291,49,4000,108879,Yes,,49.39091755,48.84104878,0.54986877,,0.997109671,0.999570291,-0.00246062
baboon,60,5000,48.33324299,0.996838484,68,108879,Yes,,baboon,60,47.87642667,0.999382729,45,5000,108879,Yes,,48.33324299,47.87642667,0.456816316,,0.996838484,0.999382729,-0.002544245
baboon,60,6000,47.49448709,0.996663048,89,108879,Yes,,baboon,60,47.10844698,0.999101715,44,6000,108879,Yes,,47.49448709,47.10844698,0.38604011,,0.996663048,0.999101715,-0.002438667
baboon,60,7000,46.77048754,0.996524397,100,108879,Yes,,baboon,60,46.44251726,0.99868836,57,7000,108879,Yes,,46.77048754,46.44251726,0.32797028,,0.996524397,0.99868836,-0.002163963
baboon,60,8000,46.14293819,0.996409079,112,108879,Yes,,baboon,60,45.89630877,0.998100826,64,8000,108879,Yes,,46.14293819,45.89630877,0.246629418,,0.996409079,0.998100826,-0.001691747
baboon,60,9000,45.60774442,0.996319433,99,108879,Yes,,baboon,60,45.41469407,0.997217093,78,9000,108879,Yes,,45.60774442,45.41469407,0.193050345,,0.996319433,0.997217093,-0.00089766
baboon,60,10000,45.14340987,0.996087283,95,108879,Yes,,baboon,60,45.06041846,0.996175562,97,10000,108879,Yes,,45.14340987,45.06041846,0.082991414,,0.996087283,0.996175562,-8.82794E-05
baboon,60,11000,44.83384951,0.99509534,119,108879,Yes,,baboon,60,44.73078531,0.996025108,115,11000,108879,Yes,,44.83384951,44.73078531,0.103064203,,0.99509534,0.996025108,-0.000929768
baboon,60,12000,44.56282219,0.994505361,150,108879,Yes,,baboon,60,44.4550942,0.995960778,132,12000,108879,Yes,,44.56282219,44.4550942,0.107727988,,0.994505361,0.995960778,-0.001455417
baboon,60,13000,44.29068891,0.994096196,161,108879,Yes,,baboon,60,44.17708529,0.995878812,116,13000,108879,Yes,,44.29068891,44.17708529,0.113603621,,0.994096196,0.995878812,-0.001782616
baboon,60,14000,44.02637041,0.993808806,155,108879,Yes,,baboon,60,43.90580706,0.995770596,125,14000,108879,Yes,,44.02637041,43.90580706,0.120563351,,0.993808806,0.995770596,-0.00196179
baboon,60,15000,43.77511085,0.9936227,156,108879,Yes,,baboon,60,43.66492017,0.995638366,139,15000,108879,Yes,,43.77511085,43.66492017,0.110190678,,0.9936227,0.995638366,-0.002015666
baboon,70,1000,58.20387911,0.999310494,49,127848,Yes,,baboon,70,57.20285147,0.999954562,25,1000,127848,Yes,,58.20387911,57.20285147,1.001027643,,0.999310494,0.999954562,-0.000644068
baboon,70,2000,55.0673028,0.998805407,45,127848,Yes,,baboon,70,54.14398783,0.999899669,39,2000,127848,Yes,,55.0673028,54.14398783,0.92331497,,0.998805407,0.999899669,-0.001094262
baboon,70,3000,53.22385279,0.998441444,83,127848,Yes,,baboon,70,52.33579018,0.999827274,24,3000,127848,Yes,,53.22385279,52.33579018,0.888062615,,0.998441444,0.999827274,-0.00138583
baboon,70,4000,51.84189643,0.998176967,69,127848,Yes,,baboon,70,51.17606781,0.999748899,48,4000,127848,Yes,,51.84189643,51.17606781,0.665828617,,0.998176967,0.999748899,-0.001571932
baboon,70,5000,50.74598934,0.997992501,50,127848,Yes,,baboon,70,50.1958724,0.999640437,24,5000,127848,Yes,,50.74598934,50.1958724,0.55011694,,0.997992501,0.999640437,-0.001647936
baboon,70,6000,49.8648285,0.997862136,89,127848,Yes,,baboon,70,49.4501563,0.999492157,50,6000,127848,Yes,,49.8648285,49.4501563,0.414672196,,0.997862136,0.999492157,-0.001630021
baboon,70,7000,49.132543,0.997766709,87,127848,Yes,,baboon,70,48.78223439,0.999257837,46,7000,127848,Yes,,49.132543,48.78223439,0.35030861,,0.997766709,0.999257837,-0.001491128
baboon,70,8000,48.50812296,0.997690475,79,127848,Yes,,baboon,70,48.25702185,0.998947043,58,8000,127848,Yes,,48.50812296,48.25702185,0.251101114,,0.997690475,0.998947043,-0.001256568
baboon,70,9000,47.93544913,0.997625053,66,127848,Yes,,baboon,70,47.77680002,0.998500106,71,9000,127848,Yes,,47.93544913,47.77680002,0.158649111,,0.997625053,0.998500106,-0.000875053
baboon,70,10000,47.47276304,0.99757896,90,127848,Yes,,baboon,70,47.38879444,0.997883106,78,10000,127848,Yes,,47.47276304,47.38879444,0.083968603,,0.99757896,0.997883106,-0.000304146
baboon,70,11000,47.08597376,0.997236354,90,127848,Yes,,baboon,70,47.06216521,0.997429333,98,11000,127848,Yes,,47.08597376,47.06216521,0.023808547,,0.997236354,0.997429333,-0.000192979
baboon,70,12000,46.83624181,0.996780125,119,127848,Yes,,baboon,70,46.79836153,0.99739737,83,12000,127848,Yes,,46.83624181,46.79836153,0.037880276,,0.996780125,0.99739737,-0.000617245
baboon,70,13000,46.57947021,0.996437424,124,127848,Yes,,baboon,70,46.55632733,0.997362344,91,13000,127848,Yes,,46.57947021,46.55632733,0.023142883,,0.996437424,0.997362344,-0.00092492
baboon,70,14000,46.3494733,0.996223746,135,127848,Yes,,baboon,70,46.32263484,0.997316478,62,14000,127848,Yes,,46.3494733,46.32263484,0.026838457,,0.996223746,0.997316478,-0.001092732
baboon,70,15000,46.1253948,0.996059691,133,127848,Yes,,baboon,70,46.11588388,0.997263505,69,15000,127848,Yes,,46.1253948,46.11588388,0.009510921,,0.996059691,0.997263505,-0.001203814
baboon,80,1000,60.840367,0.9996181,21,158055,Yes,,baboon,80,60.3821738,0.999978073,7,1000,158055,Yes,,60.840367,60.3821738,0.458193204,,0.9996181,0.999978073,-0.000359973
baboon,80,2000,57.70421994,0.999333687,26,158055,Yes,,baboon,80,57.46466933,0.999953171,-15,2000,158055,Yes,,57.70421994,57.46466933,0.239550612,,0.999333687,0.999953171,-0.000619484
baboon,80,3000,55.86355253,0.999124901,13,158055,Yes,,baboon,80,55.74105507,0.99992238,-9,3000,158055,Yes,,55.86355253,55.74105507,0.122497456,,0.999124901,0.99992238,-0.000797479
baboon,80,4000,54.6235376,0.99899387,2,158055,Yes,,baboon,80,54.47666705,0.999883754,-4,4000,158055,Yes,,54.6235376,54.47666705,0.146870553,,0.99899387,0.999883754,-0.000889884
baboon,80,5000,53.60783469,0.998897073,34,158055,Yes,,baboon,80,53.47278135,0.999834428,11,5000,158055,Yes,,53.60783469,53.47278135,0.135053345,,0.998897073,0.999834428,-0.000937355
baboon,80,6000,52.81158064,0.998831954,17,158055,Yes,,baboon,80,52.67280497,0.999766084,5,6000,158055,Yes,,52.81158064,52.67280497,0.138775669,,0.998831954,0.999766084,-0.00093413
baboon,80,7000,52.16021647,0.998785672,18,158055,Yes,,baboon,80,52.00131027,0.999669984,-6,7000,158055,Yes,,52.16021647,52.00131027,0.158906203,,0.998785672,0.999669984,-0.000884312
baboon,80,8000,51.55362245,0.998747039,37,158055,Yes,,baboon,80,51.41980066,0.999533225,21,8000,158055,Yes,,51.55362245,51.41980066,0.133821788,,0.998747039,0.999533225,-0.000786186
baboon,80,9000,51.02062503,0.998715023,-14,158055,Yes,,baboon,80,50.92717883,0.999330673,16,9000,158055,Yes,,51.02062503,50.92717883,0.093446202,,0.998715023,0.999330673,-0.00061565
baboon,80,10000,50.54378222,0.998688856,3,158055,Yes,,baboon,80,50.49299804,0.999051439,18,10000,158055,Yes,,50.54378222,50.49299804,0.050784178,,0.998688856,0.999051439,-0.000362583
baboon,80,11000,50.11891714,0.998663041,-4,158055,Yes,,baboon,80,50.12573063,0.998678084,33,11000,158055,Yes,,50.11891714,50.12573063,-0.006813488,,0.998663041,0.998678084,-1.50426E-05
baboon,80,12000,49.82612812,0.998322284,26,158055,Yes,,baboon,80,49.82642187,0.998650361,22,12000,158055,Yes,,49.82612812,49.82642187,-0.000293747,,0.998322284,0.998650361,-0.000328077
baboon,80,13000,49.5440773,0.998079485,33,158055,Yes,,baboon,80,49.54944831,0.998631264,60,13000,158055,Yes,,49.5440773,49.54944831,-0.005371015,,0.998079485,0.998631264,-0.000551779
baboon,80,14000,49.27804556,0.997898681,31,158055,Yes,,baboon,80,49.29152982,0.998607425,19,14000,158055,Yes,,49.27804556,49.29152982,-0.013484263,,0.997898681,0.998607425,-0.000708744
baboon,80,15000,49.0278216,0.997785318,20,158055,Yes,,baboon,80,49.03616007,0.998577765,31,15000,158055,Yes,,49.0278216,49.03616007,-0.008338473,,0.997785318,0.998577765,-0.000792447
baboon,90,1000,64.77119053,0.999842857,10,219996,Yes,,baboon,90,64.38808512,0.999990383,33,1000,219996,Yes,,64.77119053,64.38808512,0.383105414,,0.999842857,0.999990383,-0.000147526
baboon,90,2000,61.77237075,0.99972363,-12,219996,Yes,,baboon,90,61.37568627,0.999979178,-9,2000,219996,Yes,,61.77237075,61.37568627,0.396684475,,0.99972363,0.999979178,-0.000255548
baboon,90,3000,59.96748824,0.999635936,-8,219996,Yes,,baboon,90,59.62901937,0.999965728,25,3000,219996,Yes,,59.96748824,59.62901937,0.338468873,,0.999635936,0.999965728,-0.000329792
baboon,90,4000,58.73742584,0.999578552,6,219996,Yes,,baboon,90,58.38238142,0.999949227,-12,4000,219996,Yes,,58.73742584,58.38238142,0.355044416,,0.999578552,0.999949227,-0.000370675
baboon,90,5000,57.71896169,0.999534863,13,219996,Yes,,baboon,90,57.4692193,0.99993021,-18,5000,219996,Yes,,57.71896169,57.4692193,0.24974239,,0.999534863,0.99993021,-0.000395347
baboon,90,6000,56.88682875,0.999503022,-14,219996,Yes,,baboon,90,56.69744065,0.999905682,24,6000,219996,Yes,,56.88682875,56.69744065,0.189388096,,0.999503022,0.999905682,-0.00040266
baboon,90,7000,56.23329645,0.999480996,17,219996,Yes,,baboon,90,56.02292249,0.999870297,3,7000,219996,Yes,,56.23329645,56.02292249,0.21037396,,0.999480996,0.999870297,-0.000389301
baboon,90,8000,55.64737424,0.999462625,-1,219996,Yes,,baboon,90,55.45368436,0.999821245,14,8000,219996,Yes,,55.64737424,55.45368436,0.193689876,,0.999462625,0.999821245,-0.00035862
baboon,90,9000,55.1122115,0.999447266,29,219996,Yes,,baboon,90,54.95909631,0.99975318,-19,9000,219996,Yes,,55.1122115,54.95909631,0.153115186,,0.999447266,0.99975318,-0.000305914
baboon,90,10000,54.65043862,0.999435125,-25,219996,Yes,,baboon,90,54.49750069,0.999646074,-4,10000,219996,Yes,,54.65043862,54.49750069,0.152937934,,0.999435125,0.999646074,-0.000210949
baboon,90,11000,54.23895884,0.999424776,16,219996,Yes,,baboon,90,54.10054354,0.999518396,-3,11000,219996,Yes,,54.23895884,54.10054354,0.138415301,,0.999424776,0.999518396,-9.36204E-05
baboon,90,12000,53.89366861,0.999391899,-28,219996,Yes,,baboon,90,53.76701195,0.999390406,1,12000,219996,Yes,,53.89366861,53.76701195,0.126656661,,0.999391899,0.999390406,1.49338E-06
baboon,90,13000,53.71396106,0.999314914,-31,219996,Yes,,baboon,90,53.59738081,0.999385698,-4,13000,219996,Yes,,53.71396106,53.59738081,0.116580253,,0.999314914,0.999385698,-7.0784E-05
baboon,90,14000,53.53196157,0.999252222,2,219996,Yes,,baboon,90,53.41814531,0.999379178,-16,14000,219996,Yes,,53.53196157,53.41814531,0.113816261,,0.999252222,0.999379178,-0.000126956
baboon,90,15000,53.35187768,0.999208133,-40,219996,Yes,,baboon,90,53.25937711,0.999372366,-30,15000,219996,Yes,,53.35187768,53.25937711,0.092500574,,0.999208133,0.999372366,-0.000164233
boat,50,1000,54.79864025,0.998282275,80,50691,Yes,,boat,50,53.13773563,0.999681263,23,1000,50691,Yes,,54.79864025,53.13773563,1.660904621,,0.998282275,0.999681263,-0.001398988
boat,50,2000,51.32053581,0.996924176,84,50691,Yes,,boat,50,50.05951823,0.999119169,37,2000,50691,Yes,,51.32053581,50.05951823,1.261017583,,0.996924176,0.999119169,-0.002194993
boat,50,3000,49.35721267,0.995775376,106,50691,Yes,,boat,50,48.40600444,0.998415098,39,3000,50691,Yes,,49.35721267,48.40600444,0.951208229,,0.995775376,0.998415098,-0.002639722
boat,50,4000,47.99779057,0.994785747,118,50691,Yes,,boat,50,47.27814624,0.997611523,69,4000,50691,Yes,,47.99779057,47.27814624,0.719644333,,0.994785747,0.997611523,-0.002825776
boat,50,5000,46.94129865,0.993955715,142,50691,Yes,,boat,50,46.37217787,0.996576957,89,5000,50691,Yes,,46.94129865,46.37217787,0.569120783,,0.993955715,0.996576957,-0.002621242
boat,50,6000,46.08011297,0.993341604,142,50691,Yes,,boat,50,45.69471835,0.995527937,75,6000,50691,Yes,,46.08011297,45.69471835,0.385394624,,0.993341604,0.995527937,-0.002186333
boat,50,7000,45.30157646,0.992834106,151,50691,Yes,,boat,50,45.10312653,0.994123421,104,7000,50691,Yes,,45.30157646,45.10312653,0.198449934,,0.992834106,0.994123421,-0.001289315
boat,50,8000,44.64215789,0.992329406,156,50691,Yes,,boat,50,44.68647788,0.992497074,170,8000,50691,Yes,,44.64215789,44.68647788,-0.044319986,,0.992329406,0.992497074,-0.000167668
boat,50,9000,44.11815849,0.990842497,222,50691,Yes,,boat,50,44.26113308,0.992245573,181,9000,50691,Yes,,44.11815849,44.26113308,-0.142974593,,0.990842497,0.992245573,-0.001403076
boat,50,10000,43.71955505,0.989856635,244,50691,Yes,,boat,50,43.87995757,0.991854536,163,10000,50691,Yes,,43.71955505,43.87995757,-0.16040252,,0.989856635,0.991854536,-0.001997901
boat,50,11000,43.3903209,0.989109232,247,50691,Yes,,boat,50,43.52668427,0.991354687,172,11000,50691,Yes,,43.3903209,43.52668427,-0.13636337,,0.989109232,0.991354687,-0.002245455
boat,50,12000,43.056902,0.98842381,262,50691,Yes,,boat,50,43.19953543,0.990645281,170,12000,50691,Yes,,43.056902,43.19953543,-0.14263343,,0.98842381,0.990645281,-0.002221471
boat,50,13000,42.76494641,0.987964467,238,50691,Yes,,boat,50,42.87973444,0.989682579,212,13000,50691,Yes,,42.76494641,42.87973444,-0.114788026,,0.987964467,0.989682579,-0.001718112
boat,50,14000,42.47137076,0.987674468,248,50691,Yes,,boat,50,42.55626783,0.988417511,252,14000,50691,Yes,,42.47137076,42.55626783,-0.084897068,,0.987674468,0.988417511,-0.000743043
boat,50,15000,42.06071526,0.986611672,293,50691,Yes,,boat,50,42.17962048,0.987188756,296,15000,50691,Yes,,42.06071526,42.17962048,-0.118905216,,0.986611672,0.987188756,-0.000577084
boat,60,1000,56.23104946,0.998528286,84,59109,Yes,,boat,60,54.8665486,0.999778363,29,1000,59109,Yes,,56.23104946,54.8665486,1.364500863,,0.998528286,0.999778363,-0.001250077
boat,60,2000,52.91447584,0.997389368,105,59109,Yes,,boat,60,51.71931933,0.999420654,25,2000,59109,Yes,,52.91447584,51.71931933,1.195156514,,0.997389368,0.999420654,-0.002031286
boat,60,3000,50.93804267,0.996504019,120,59109,Yes,,boat,60,50.04979141,0.998943075,31,3000,59109,Yes,,50.93804267,50.04979141,0.888251261,,0.996504019,0.998943075,-0.002439056
boat,60,4000,49.63407496,0.995759101,128,59109,Yes,,boat,60,48.80719375,0.998306156,36,4000,59109,Yes,,49.63407496,48.80719375,0.826881214,,0.995759101,0.998306156,-0.002547055
boat,60,5000,48.52251303,0.995082708,137,59109,Yes,,boat,60,47.95818903,0.997603221,45,5000,59109,Yes,,48.52251303,47.95818903,0.564323999,,0.995082708,0.997603221,-0.002520513
boat,60,6000,47.64906842,0.99455639,131,59109,Yes,,boat,60,47.24170572,0.996810537,69,6000,59109,Yes,,47.64906842,47.24170572,0.407362701,,0.99455639,0.996810537,-0.002254147
boat,60,7000,46.8706734,0.994114695,160,59109,Yes,,boat,60,46.63444382,0.99577371,61,7000,59109,Yes,,46.8706734,46.63444382,0.236229583,,0.994114695,0.99577371,-0.001659015
boat,60,8000,46.19816282,0.993809403,165,59109,Yes,,boat,60,46.1463253,0.99443099,135,8000,59109,Yes,,46.19816282,46.1463253,0.051837521,,0.993809403,0.99443099,-0.000621587
boat,60,9000,45.67143784,0.992909627,211,59109,Yes,,boat,60,45.77553532,0.993849915,149,9000,59109,Yes,,45.67143784,45.77553532,-0.104097477,,0.992909627,0.993849915,-0.000940288
boat,60,10000,45.25439515,0.991986768,251,59109,Yes,,boat,60,45.42697931,0.993647498,154,10000,59109,Yes,,45.25439515,45.42697931,-0.172584165,,0.991986768,0.993647498,-0.00166073
boat,60,11000,44.91318399,0.991295322,240,59109,Yes,,boat,60,45.10497502,0.993321344,169,11000,59109,Yes,,44.91318399,45.10497502,-0.191791032,,0.991295322,0.993321344,-0.002026022
boat,60,12000,44.62602802,0.990778996,246,59109,Yes,,boat,60,44.81985984,0.992897465,187,12000,59109,Yes,,44.62602802,44.81985984,-0.193831819,,0.990778996,0.992897465,-0.002118469
boat,60,13000,44.35335344,0.990340935,253,59109,Yes,,boat,60,44.52834702,0.992320733,191,13000,59109,Yes,,44.35335344,44.52834702,-0.174993576,,0.990340935,0.992320733,-0.001979798
boat,60,14000,44.09636687,0.990025488,275,59109,Yes,,boat,60,44.24202977,0.991626224,178,14000,59109,Yes,,44.09636687,44.24202977,-0.1456629,,0.990025488,0.991626224,-0.001600736
boat,60,15000,43.84696465,0.989803389,287,59109,Yes,,boat,60,43.92667351,0.990624157,240,15000,59109,Yes,,43.84696465,43.92667351,-0.079708856,,0.989803389,0.990624157,-0.000820768
boat,70,1000,58.28877573,0.999024893,71,70287,Yes,,boat,70,57.10442957,0.999861276,-7,1000,70287,Yes,,58.28877573,57.10442957,1.184346163,,0.999024893,0.999861276,-0.000836383
boat,70,2000,55.30311398,0.998296349,89,70287,Yes,,boat,70,54.19402354,0.999655164,-15,2000,70287,Yes,,55.30311398,54.19402354,1.109090436,,0.998296349,0.999655164,-0.001358815
boat,70,3000,53.44104255,0.997744795,100,70287,Yes,,boat,70,52.46086034,0.999351913,3,3000,70287,Yes,,53.44104255,52.46086034,0.980182207,,0.997744795,0.999351913,-0.001607118
boat,70,4000,52.06031808,0.99725039,86,70287,Yes,,boat,70,51.2714,0.99899793,12,4000,70287,Yes,,52.06031808,51.2714,0.788918084,,0.99725039,0.99899793,-0.00174754
boat,70,5000,51.03650997,0.996813328,123,70287,Yes,,boat,70,50.36146835,0.998587444,36,5000,70287,Yes,,51.03650997,50.36146835,0.675041625,,0.996813328,0.998587444,-0.001774116
boat,70,6000,50.10654917,0.996409635,127,70287,Yes,,boat,70,49.59275001,0.998082669,27,6000,70287,Yes,,50.10654917,49.59275001,0.513799164,,0.996409635,0.998082669,-0.001673034
boat,70,7000,49.32730107,0.996089819,153,70287,Yes,,boat,70,48.95552992,0.997527022,63,7000,70287,Yes,,49.32730107,48.95552992,0.371771155,,0.996089819,0.997527022,-0.001437203
boat,70,8000,48.64990034,0.995862719,143,70287,Yes,,boat,70,48.45458539,0.996827693,58,8000,70287,Yes,,48.64990034,48.45458539,0.195314955,,0.995862719,0.996827693,-0.000964974
boat,70,9000,48.06590097,0.995713905,147,70287,Yes,,boat,70,48.06973817,0.995987008,123,9000,70287,Yes,,48.06590097,48.06973817,-0.003837198,,0.995713905,0.995987008,-0.000273103
boat,70,10000,47.58629933,0.994847684,208,70287,Yes,,boat,70,47.73067035,0.995603053,145,10000,70287,Yes,,47.58629933,47.73067035,-0.144371019,,0.994847684,0.995603053,-0.000755369
boat,70,11000,47.26447233,0.994328264,201,70287,Yes,,boat,70,47.43451857,0.99548887,148,11000,70287,Yes,,47.26447233,47.43451857,-0.170046238,,0.994328264,0.99548887,-0.001160606
boat,70,12000,47.00501724,0.993981153,215,70287,Yes,,boat,70,47.14506235,0.995323267,153,12000,70287,Yes,,47.00501724,47.14506235,-0.140045108,,0.993981153,0.995323267,-0.001342114
boat,70,13000,46.76871956,0.993685349,212,70287,Yes,,boat,70,46.88478894,0.99509588,166,13000,70287,Yes,,46.76871956,46.88478894,-0.11606938,,0.993685349,0.99509588,-0.001410531
boat,70,14000,46.54342236,0.993447993,237,70287,Yes,,boat,70,46.64158663,0.994828659,166,14000,70287,Yes,,46.54342236,46.64158663,-0.09816427,,0.993447993,0.994828659,-0.001380666
boat,70,15000,46.3105793,0.993240419,246,70287,Yes,,boat,70,46.41277873,0.994505352,147,15000,70287,Yes,,46.3105793,46.41277873,-0.102199435,,0.993240419,0.994505352,-0.001264933
boat,80,1000,61.16409306,0.999463894,90,89472,Yes,,boat,80,60.08929818,0.999929139,4,1000,89472,Yes,,61.16409306,60.08929818,1.074794881,,0.999463894,0.999929139,-0.000465245
boat,80,2000,57.91750975,0.999014619,96,89472,Yes,,boat,80,57.27230986,0.999832613,20,2000,89472,Yes,,57.91750975,57.27230986,0.645199887,,0.999014619,0.999832613,-0.000817994
boat,80,3000,56.14798312,0.998701206,134,89472,Yes,,boat,80,55.62173226,0.999704487,38,3000,89472,Yes,,56.14798312,55.62173226,0.526250858,,0.998701206,0.999704487,-0.001003281
boat,80,4000,54.83859005,0.998434173,117,89472,Yes,,boat,80,54.39803363,0.99951983,19,4000,89472,Yes,,54.83859005,54.39803363,0.440556416,,0.998434173,0.99951983,-0.001085657
boat,80,5000,53.8139691,0.998190813,123,89472,Yes,,boat,80,53.44853276,0.999306029,27,5000,89472,Yes,,53.8139691,53.44853276,0.365436336,,0.998190813,0.999306029,-0.001115216
boat,80,6000,53.00086138,0.997997919,126,89472,Yes,,boat,80,52.65868416,0.999047007,20,6000,89472,Yes,,53.00086138,52.65868416,0.342177216,,0.997997919,0.999047007,-0.001049088
boat,80,7000,52.30561895,0.99782934,111,89472,Yes,,boat,80,52.00947712,0.998753202,30,7000,89472,Yes,,52.30561895,52.00947712,0.29614183,,0.99782934,0.998753202,-0.000923862
boat,80,8000,51.67405716,0.997703073,96,89472,Yes,,boat,80,51.46397513,0.998398035,98,8000,89472,Yes,,51.67405716,51.46397513,0.210082035,,0.997703073,0.998398035,-0.000694962
boat,80,9000,51.11513799,0.997611725,105,89472,Yes,,boat,80,51.00765673,0.997945302,72,9000,89472,Yes,,51.11513799,51.00765673,0.107481257,,0.997611725,0.997945302,-0.000333577
boat,80,10000,50.60769149,0.997363507,148,89472,Yes,,boat,80,50.63550233,0.99755994,128,10000,89472,Yes,,50.60769149,50.63550233,-0.027810843,,0.997363507,0.99755994,-0.000196433
boat,80,11000,50.20355535,0.996854085,202,89472,Yes,,boat,80,50.31401995,0.997502306,87,11000,89472,Yes,,50.20355535,50.31401995,-0.110464601,,0.996854085,0.997502306,-0.000648221
boat,80,12000,49.91935491,0.996572624,194,89472,Yes,,boat,80,50.02017783,0.997418979,105,12000,89472,Yes,,49.91935491,50.02017783,-0.100822916,,0.996572624,0.997418979,-0.000846355
boat,80,13000,49.63185071,0.996331765,215,89472,Yes,,boat,80,49.73519616,0.997305963,92,13000,89472,Yes,,49.63185071,49.73519616,-0.103345447,,0.996331765,0.997305963,-0.000974198
boat,80,14000,49.35451086,0.99611719,229,89472,Yes,,boat,80,49.45984223,0.99715259,89,14000,89472,Yes,,49.35451086,49.45984223,-0.105331375,,0.99611719,0.99715259,-0.0010354
boat,80,15000,49.1059798,0.995953573,226,89472,Yes,,boat,80,49.19514891,0.996956949,84,15000,89472,Yes,,49.1059798,49.19514891,-0.08916911,,0.995953573,0.996956949,-0.001003376
boat,90,1000,65.00192696,0.999773088,62,136584,Yes,,boat,90,64.40280579,0.999969679,25,1000,136584,Yes,,65.00192696,64.40280579,0.599121168,,0.999773088,0.999969679,-0.000196591
boat,90,2000,61.92007901,0.999598088,14,136584,Yes,,boat,90,61.59664673,0.999931352,16,2000,136584,Yes,,61.92007901,61.59664673,0.323432279,,0.999598088,0.999931352,-0.000333264
boat,90,3000,60.20847102,0.999461553,22,136584,Yes,,boat,90,59.79422827,0.99987153,17,3000,136584,Yes,,60.20847102,59.79422827,0.414242753,,0.999461553,0.99987153,-0.000409977
boat,90,4000,58.91493577,0.999329537,17,136584,Yes,,boat,90,58.5703689,0.999801645,26,4000,136584,Yes,,58.91493577,58.5703689,0.344566867,,0.999329537,0.999801645,-0.000472108
boat,90,5000,57.89611124,0.999219575,76,136584,Yes,,boat,90,57.62372799,0.999712276,1,5000,136584,Yes,,57.89611124,57.62372799,0.272383247,,0.999219575,0.999712276,-0.000492701
boat,90,6000,57.09397818,0.999120284,43,136584,Yes,,boat,90,56.80304498,0.999608016,2,6000,136584,Yes,,57.09397818,56.80304498,0.290933198,,0.999120284,0.999608016,-0.000487732
boat,90,7000,56.38921797,0.999027864,27,136584,Yes,,boat,90,56.13425702,0.999486718,-7,7000,136584,Yes,,56.38921797,56.13425702,0.25496095,,0.999027864,0.999486718,-0.000458854
boat,90,8000,55.76068888,0.998950263,5,136584,Yes,,boat,90,55.5610773,0.99936013,-24,8000,136584,Yes,,55.76068888,55.5610773,0.199611582,,0.998950263,0.99936013,-0.000409867
boat,90,9000,55.23046429,0.998892593,13,136584,Yes,,boat,90,55.05227275,0.999208946,23,9000,136584,Yes,,55.23046429,55.05227275,0.178191542,,0.998892593,0.999208946,-0.000316353
boat,90,10000,54.73905483,0.998847769,30,136584,Yes,,boat,90,54.62686341,0.999043057,13,10000,136584,Yes,,54.73905483,54.62686341,0.112191425,,0.998847769,0.999043057,-0.000195288
boat,90,11000,54.30319498,0.998815527,-2,136584,Yes,,boat,90,54.24139376,0.998825404,0,11000,136584,Yes,,54.30319498,54.24139376,0.061801224,,0.998815527,0.998825404,-9.87733E-06
boat,90,12000,54.0467129,0.998695816,74,136584,Yes,,boat,90,54.02773564,0.998787791,3,12000,136584,Yes,,54.0467129,54.02773564,0.018977256,,0.998695816,0.998787791,-9.19745E-05
boat,90,13000,53.8589607,0.99860059,84,136584,Yes,,boat,90,53.84103148,0.998768127,39,13000,136584,Yes,,53.8589607,53.84103148,0.017929215,,0.99860059,0.998768127,-0.000167537
boat,90,14000,53.66528158,0.998509211,52,136584,Yes,,boat,90,53.65746755,0.998736359,-18,14000,136584,Yes,,53.66528158,53.65746755,0.007814031,,0.998509211,0.998736359,-0.000227148
boat,90,15000,53.49107129,0.998437992,76,136584,Yes,,boat,90,53.47397183,0.998698807,17,15000,136584,Yes,,53.49107129,53.47397183,0.017099459,,0.998437992,0.998698807,-0.000260815
lake,50,1000,54.82595495,0.998154013,104,55635,Yes,,lake,50,53.25252913,0.999731068,25,1000,55635,Yes,,54.82595495,53.25252913,1.573425815,,0.998154013,0.999731068,-0.001577055
lake,50,2000,51.59065273,0.996819,117,55635,Yes,,lake,50,50.19688535,0.999305386,24,2000,55635,Yes,,51.59065273,50.19688535,1.393767377,,0.996819,0.999305386,-0.002486386
lake,50,3000,49.404713,0.9957548,131,55635,Yes,,lake,50,48.43439124,0.998776104,36,3000,55635,Yes,,49.404713,48.43439124,0.970321756,,0.9957548,0.998776104,-0.003021304
lake,50,4000,47.96250589,0.995002513,143,55635,Yes,,lake,50,47.25394046,0.998089796,44,4000,55635,Yes,,47.96250589,47.25394046,0.708565427,,0.995002513,0.998089796,-0.003087283
lake,50,5000,46.81887675,0.994380867,138,55635,Yes,,lake,50,46.35073766,0.997190734,43,5000,55635,Yes,,46.81887675,46.35073766,0.468139093,,0.994380867,0.997190734,-0.002809867
lake,50,6000,45.85388152,0.993876658,151,55635,Yes,,lake,50,45.65606151,0.996088846,66,6000,55635,Yes,,45.85388152,45.65606151,0.197820005,,0.993876658,0.996088846,-0.002212188
lake,50,7000,45.11632249,0.99354607,167,55635,Yes,,lake,50,45.11871478,0.994515367,117,7000,55635,Yes,,45.11632249,45.11871478,-0.002392287,,0.99354607,0.994515367,-0.000969297
lake,50,8000,44.53382906,0.992531617,183,55635,Yes,,lake,50,44.67987171,0.993383901,155,8000,55635,Yes,,44.53382906,44.67987171,-0.146042651,,0.992531617,0.993383901,-0.000852284
lake,50,9000,44.09010285,0.991278383,232,55635,Yes,,lake,50,44.2493709,0.993155099,147,9000,55635,Yes,,44.09010285,44.2493709,-0.159268048,,0.991278383,0.993155099,-0.001876716
lake,50,10000,43.73415249,0.990593641,235,55635,Yes,,lake,50,43.86661239,0.992836811,158,10000,55635,Yes,,43.73415249,43.86661239,-0.1324599,,0.990593641,0.992836811,-0.00224317
lake,50,11000,43.38799123,0.989998934,257,55635,Yes,,lake,50,43.50457681,0.992369165,160,11000,55635,Yes,,43.38799123,43.50457681,-0.116585576,,0.989998934,0.992369165,-0.002370231
lake,50,12000,43.06551196,0.989576229,250,55635,Yes,,lake,50,43.15380112,0.991752242,162,12000,55635,Yes,,43.06551196,43.15380112,-0.08828916,,0.989576229,0.991752242,-0.002176013
lake,50,13000,42.76372821,0.989247823,247,55635,Yes,,lake,50,42.86759248,0.991058897,174,13000,55635,Yes,,42.76372821,42.86759248,-0.103864265,,0.989247823,0.991058897,-0.001811074
lake,50,14000,42.47322554,0.989029736,245,55635,Yes,,lake,50,42.57703101,0.989836841,217,14000,55635,Yes,,42.47322554,42.57703101,-0.103805473,,0.989029736,0.989836841,-0.000807105
lake,50,15000,42.08508632,0.987742276,294,55635,Yes,,lake,50,42.27485137,0.988724545,255,15000,55635,Yes,,42.08508632,42.27485137,-0.189765055,,0.987742276,0.988724545,-0.000982269
lake,60,1000,56.54335339,0.998577583,70,64782,Yes,,lake,60,54.6924936,0.999797666,8,1000,64782,Yes,,56.54335339,54.6924936,1.850859791,,0.998577583,0.999797666,-0.001220083
lake,60,2000,53.19435438,0.997381014,104,64782,Yes,,lake,60,51.74136758,0.999518523,5,2000,64782,Yes,,53.19435438,51.74136758,1.452986799,,0.997381014,0.999518523,-0.002137509
lake,60,3000,51.08736269,0.99643079,101,64782,Yes,,lake,60,49.95423234,0.999143256,11,3000,64782,Yes,,51.08736269,49.95423234,1.133130351,,0.99643079,0.999143256,-0.002712466
lake,60,4000,49.69748639,0.995797347,120,64782,Yes,,lake,60,48.82127119,0.998703078,23,4000,64782,Yes,,49.69748639,48.82127119,0.876215198,,0.995797347,0.998703078,-0.002905731
lake,60,5000,48.59885782,0.995303833,126,64782,Yes,,lake,60,47.82428937,0.998023536,28,5000,64782,Yes,,48.59885782,47.82428937,0.774568452,,0.995303833,0.998023536,-0.002719703
lake,60,6000,47.65605784,0.994894455,135,64782,Yes,,lake,60,47.11166883,0.997162359,46,6000,64782,Yes,,47.65605784,47.11166883,0.544389012,,0.994894455,0.997162359,-0.002267904
lake,60,7000,46.88852102,0.99461516,144,64782,Yes,,lake,60,46.53483265,0.996051231,77,7000,64782,Yes,,46.88852102,46.53483265,0.353688369,,0.99461516,0.996051231,-0.001436071
lake,60,8000,46.20536676,0.994388834,140,64782,Yes,,lake,60,46.10783881,0.994643169,118,8000,64782,Yes,,46.20536676,46.10783881,0.097527952,,0.994388834,0.994643169,-0.000254335
lake,60,9000,45.72672584,0.993313292,205,64782,Yes,,lake,60,45.72823095,0.994241802,148,9000,64782,Yes,,45.72672584,45.72823095,-0.001505113,,0.993313292,0.994241802,-0.00092851
lake,60,10000,45.39047417,0.99250237,239,64782,Yes,,lake,60,45.37483848,0.99408027,134,10000,64782,Yes,,45.39047417,45.37483848,0.015635687,,0.99250237,0.99408027,-0.0015779
lake,60,11000,45.06063905,0.991927349,240,64782,Yes,,lake,60,45.03571832,0.993829126,162,11000,64782,Yes,,45.06063905,45.03571832,0.02492073,,0.991927349,0.993829126,-0.001901777
lake,60,12000,44.75287754,0.99151655,261,64782,Yes,,lake,60,44.73061871,0.993498499,144,12000,64782,Yes,,44.75287754,44.73061871,0.022258834,,0.99151655,0.993498499,-0.001981949
lake,60,13000,44.46737788,0.991225387,244,64782,Yes,,lake,60,44.44958283,0.993082687,161,13000,64782,Yes,,44.46737788,44.44958283,0.017795048,,0.991225387,0.993082687,-0.0018573
lake,60,14000,44.18406365,0.990987339,234,64782,Yes,,lake,60,44.176772,0.992494943,171,14000,64782,Yes,,44.18406365,44.176772,0.007291648,,0.990987339,0.992494943,-0.001507604
lake,60,15000,43.94385484,0.990825475,237,64782,Yes,,lake,60,43.94647742,0.99170883,220,15000,64782,Yes,,43.94385484,43.94647742,-0.00262258,,0.990825475,0.99170883,-0.000883355
lake,70,1000,58.93143868,0.99905193,81,77118,Yes,,lake,70,56.99988112,0.99989207,-1,1000,77118,Yes,,58.93143868,56.99988112,1.931557559,,0.99905193,0.99989207,-0.00084014
lake,70,2000,55.59513185,0.998255406,123,77118,Yes,,lake,70,54.05143782,0.999733585,5,2000,77118,Yes,,55.59513185,54.05143782,1.543694027,,0.998255406,0.999733585,-0.001478179
lake,70,3000,53.55934085,0.997608643,131,77118,Yes,,lake,70,52.3464042,0.999529348,10,3000,77118,Yes,,53.55934085,52.3464042,1.212936652,,0.997608643,0.999529348,-0.001920705
lake,70,4000,52.08483101,0.997087949,162,77118,Yes,,lake,70,51.17620142,0.999267951,21,4000,77118,Yes,,52.08483101,51.17620142,0.908629595,,0.997087949,0.999267951,-0.002180002
lake,70,5000,50.98413609,0.996746438,151,77118,Yes,,lake,70,50.22872663,0.998903699,31,5000,77118,Yes,,50.98413609,50.22872663,0.75540946,,0.996746438,0.998903699,-0.002157261
lake,70,6000,50.10161705,0.996474482,142,77118,Yes,,lake,70,49.45413144,0.998399597,29,6000,77118,Yes,,50.10161705,49.45413144,0.647485609,,0.996474482,0.998399597,-0.001925115
lake,70,7000,49.33826955,0.996271063,148,77118,Yes,,lake,70,48.8574882,0.997771681,30,7000,77118,Yes,,49.33826955,48.8574882,0.480781347,,0.996271063,0.997771681,-0.001500618
lake,70,8000,48.65238422,0.996088719,151,77118,Yes,,lake,70,48.41936899,0.997038102,68,8000,77118,Yes,,48.65238422,48.41936899,0.233015231,,0.996088719,0.997038102,-0.000949383
lake,70,9000,48.05104142,0.995964172,153,77118,Yes,,lake,70,48.04457256,0.996129134,119,9000,77118,Yes,,48.05104142,48.04457256,0.006468858,,0.995964172,0.996129134,-0.000164962
lake,70,10000,47.66115489,0.995210675,191,77118,Yes,,lake,70,47.73382925,0.995966125,125,10000,77118,Yes,,47.66115489,47.73382925,-0.072674359,,0.995210675,0.995966125,-0.00075545
lake,70,11000,47.35869254,0.994660072,205,77118,Yes,,lake,70,47.43666426,0.995871294,146,11000,77118,Yes,,47.35869254,47.43666426,-0.077971724,,0.994660072,0.995871294,-0.001211222
lake,70,12000,47.09326057,0.994316613,233,77118,Yes,,lake,70,47.14523399,0.995734741,128,12000,77118,Yes,,47.09326057,47.14523399,-0.051973422,,0.994316613,0.995734741,-0.001418128
lake,70,13000,46.84037546,0.99406228,223,77118,Yes,,lake,70,46.87483998,0.995573266,146,13000,77118,Yes,,46.84037546,46.87483998,-0.03446452,,0.99406228,0.995573266,-0.001510986
lake,70,14000,46.59012356,0.993861598,229,77118,Yes,,lake,70,46.62991517,0.995346225,124,14000,77118,Yes,,46.59012356,46.62991517,-0.039791605,,0.993861598,0.995346225,-0.001484627
lake,70,15000,46.35941123,0.993711912,209,77118,Yes,,lake,70,46.40124936,0.99505874,139,15000,77118,Yes,,46.35941123,46.40124936,-0.041838133,,0.993711912,0.99505874,-0.001346828
lake,80,1000,61.27235612,0.999405105,80,97323,Yes,,lake,80,60.43704928,0.999948796,7,1000,97323,Yes,,61.27235612,60.43704928,0.835306835,,0.999405105,0.999948796,-0.000543691
lake,80,2000,58.15062982,0.998924142,82,97323,Yes,,lake,80,57.32139402,0.999868909,28,2000,97323,Yes,,58.15062982,57.32139402,0.829235796,,0.998924142,0.999868909,-0.000944767
lake,80,3000,56.28952704,0.99855471,104,97323,Yes,,lake,80,55.62424315,0.999770813,34,3000,97323,Yes,,56.28952704,55.62424315,0.665283894,,0.99855471,0.999770813,-0.001216103
lake,80,4000,54.94531056,0.998274188,106,97323,Yes,,lake,80,54.36004397,0.9996402,16,4000,97323,Yes,,54.94531056,54.36004397,0.585266589,,0.998274188,0.9996402,-0.001366012
lake,80,5000,53.86969176,0.998052324,127,97323,Yes,,lake,80,53.40858446,0.99947434,42,5000,97323,Yes,,53.86969176,53.40858446,0.461107296,,0.998052324,0.99947434,-0.001422016
lake,80,6000,52.992886,0.997889607,101,97323,Yes,,lake,80,52.63684049,0.999242164,12,6000,97323,Yes,,52.992886,52.63684049,0.356045513,,0.997889607,0.999242164,-0.001352557
lake,80,7000,52.28944602,0.99777019,118,97323,Yes,,lake,80,52.0035324,0.998943183,34,7000,97323,Yes,,52.28944602,52.0035324,0.285913623,,0.99777019,0.998943183,-0.001172993
lake,80,8000,51.66429105,0.997672848,140,97323,Yes,,lake,80,51.46854601,0.998551625,38,8000,97323,Yes,,51.66429105,51.46854601,0.195745039,,0.997672848,0.998551625,-0.000878777
lake,80,9000,51.1288282,0.997599513,120,97323,Yes,,lake,80,50.99568823,0.998021569,72,9000,97323,Yes,,51.1288282,50.99568823,0.133139971,,0.997599513,0.998021569,-0.000422056
lake,80,10000,50.64326584,0.997490602,140,97323,Yes,,lake,80,50.6255158,0.997478831,124,10000,97323,Yes,,50.64326584,50.6255158,0.017750038,,0.997490602,0.997478831,1.17714E-05
lake,80,11000,50.29966482,0.996952341,174,97323,Yes,,lake,80,50.31632119,0.997444069,121,11000,97323,Yes,,50.29966482,50.31632119,-0.016656373,,0.996952341,0.997444069,-0.000491728
lake,80,12000,49.98903633,0.996586165,215,97323,Yes,,lake,80,50.00535713,0.997383674,123,12000,97323,Yes,,49.98903633,50.00535713,-0.0163208,,0.996586165,0.997383674,-0.000797509
lake,80,13000,49.71704028,0.996338832,183,97323,Yes,,lake,80,49.71668223,0.997308631,100,13000,97323,Yes,,49.71704028,49.71668223,0.000358047,,0.996338832,0.997308631,-0.000969799
lake,80,14000,49.44535506,0.99615279,201,97323,Yes,,lake,80,49.44580355,0.997215084,106,14000,97323,Yes,,49.44535506,49.44580355,-0.000448486,,0.99615279,0.997215084,-0.001062294
lake,80,15000,49.18916251,0.99601712,174,97323,Yes,,lake,80,49.19351929,0.997088253,124,15000,97323,Yes,,49.18916251,49.19351929,-0.004356779,,0.99601712,0.997088253,-0.001071133
lake,90,1000,64.88502658,0.999718364,22,151191,Yes,,lake,90,64.4295707,0.999978619,-22,1000,151191,Yes,,64.88502658,64.4295707,0.455455876,,0.999718364,0.999978619,-0.000260255
lake,90,2000,61.9403444,0.99948803,56,151191,Yes,,lake,90,61.44549077,0.999951035,2,2000,151191,Yes,,61.9403444,61.44549077,0.49485363,,0.99948803,0.999951035,-0.000463005
lake,90,3000,60.10466961,0.999316721,16,151191,Yes,,lake,90,59.75263396,0.999915744,-19,3000,151191,Yes,,60.10466961,59.75263396,0.352035649,,0.999316721,0.999915744,-0.000599023
lake,90,4000,58.81469216,0.99919302,-9,151191,Yes,,lake,90,58.52986219,0.999869685,3,4000,151191,Yes,,58.81469216,58.52986219,0.28482997,,0.99919302,0.999869685,-0.000676665
lake,90,5000,57.83950706,0.999092894,41,151191,Yes,,lake,90,57.55006001,0.999805594,32,5000,151191,Yes,,57.83950706,57.55006001,0.289447048,,0.999092894,0.999805594,-0.0007127
lake,90,6000,57.01728159,0.999008729,-8,151191,Yes,,lake,90,56.77252282,0.999726999,10,6000,151191,Yes,,57.01728159,56.77252282,0.244758766,,0.999008729,0.999726999,-0.00071827
lake,90,7000,56.34144493,0.99894769,36,151191,Yes,,lake,90,56.11369681,0.999627316,10,7000,151191,Yes,,56.34144493,56.11369681,0.227748119,,0.99894769,0.999627316,-0.000679626
lake,90,8000,55.72503083,0.998899323,6,151191,Yes,,lake,90,55.53229388,0.999499594,34,8000,151191,Yes,,55.72503083,55.53229388,0.192736949,,0.998899323,0.999499594,-0.000600271
lake,90,9000,55.2106292,0.998863372,6,151191,Yes,,lake,90,55.04884926,0.999338306,-45,9000,151191,Yes,,55.2106292,55.04884926,0.161779941,,0.998863372,0.999338306,-0.000474934
lake,90,10000,54.71771205,0.998833019,-6,151191,Yes,,lake,90,54.61741002,0.999113299,-23,10000,151191,Yes,,54.71771205,54.61741002,0.100302032,,0.998833019,0.999113299,-0.00028028
lake,90,11000,54.27965185,0.998809288,28,151191,Yes,,lake,90,54.2361874,0.998843614,18,11000,151191,Yes,,54.27965185,54.2361874,0.043464449,,0.998809288,0.998843614,-3.43263E-05
lake,90,12000,54.02297208,0.998652998,18,151191,Yes,,lake,90,54.01461631,0.998780191,13,12000,151191,Yes,,54.02297208,54.01461631,0.008355774,,0.998652998,0.998780191,-0.000127193
lake,90,13000,53.82108737,0.998523071,29,151191,Yes,,lake,90,53.82914017,0.998765394,-37,13000,151191,Yes,,53.82108737,53.82914017,-0.008052799,,0.998523071,0.998765394,-0.000242323
lake,90,14000,53.62564664,0.998426993,40,151191,Yes,,lake,90,53.64760171,0.998746574,-37,14000,151191,Yes,,53.62564664,53.64760171,-0.021955069,,0.998426993,0.998746574,-0.000319581
lake,90,15000,53.4469548,0.99836084,51,151191,Yes,,lake,90,53.48549663,0.998724031,-63,15000,151191,Yes,,53.4469548,53.48549663,-0.038541828,,0.99836084,0.998724031,-0.000363191
peppers,50,1000,55.02974364,0.998139743,78,36081,Yes,,peppers,50,53.46672065,0.999473536,9,1000,36081,Yes,,55.02974364,53.46672065,1.563022985,,0.998139743,0.999473536,-0.001333793
peppers,50,2000,51.6681799,0.996320073,126,36081,Yes,,peppers,50,50.43704928,0.998667668,16,2000,36081,Yes,,51.6681799,50.43704928,1.231130617,,0.996320073,0.998667668,-0.002347595
peppers,50,3000,49.68237528,0.994791499,140,36081,Yes,,peppers,50,48.76720842,0.997704638,14,3000,36081,Yes,,49.68237528,48.76720842,0.915166859,,0.994791499,0.997704638,-0.002913139
peppers,50,4000,48.27746837,0.993640889,171,36081,Yes,,peppers,50,47.64994334,0.996413015,44,4000,36081,Yes,,48.27746837,47.64994334,0.627525025,,0.993640889,0.996413015,-0.002772126
peppers,50,5000,47.13687106,0.992690614,176,36081,Yes,,peppers,50,46.82760583,0.994786749,59,5000,36081,Yes,,47.13687106,46.82760583,0.309265234,,0.992690614,0.994786749,-0.002096135
peppers,50,6000,46.22164614,0.992015837,192,36081,Yes,,peppers,50,46.20401644,0.993053721,133,6000,36081,Yes,,46.22164614,46.20401644,0.017629699,,0.992015837,0.993053721,-0.001037884
peppers,50,7000,45.52713307,0.991079583,227,36081,Yes,,peppers,50,45.66281364,0.992045626,173,7000,36081,Yes,,45.52713307,45.66281364,-0.135680573,,0.991079583,0.992045626,-0.000966043
peppers,50,8000,45.03702638,0.989807784,263,36081,Yes,,peppers,50,45.13750982,0.991507007,165,8000,36081,Yes,,45.03702638,45.13750982,-0.100483443,,0.989807784,0.991507007,-0.001699223
peppers,50,9000,44.54122413,0.988908126,268,36081,Yes,,peppers,50,44.6911127,0.990769856,185,9000,36081,Yes,,44.54122413,44.6911127,-0.149888569,,0.988908126,0.990769856,-0.00186173
peppers,50,10000,44.13364029,0.988280047,291,36081,Yes,,peppers,50,44.22810626,0.989613474,222,10000,36081,Yes,,44.13364029,44.22810626,-0.094465967,,0.988280047,0.989613474,-0.001333427
peppers,50,11000,43.7191171,0.987739664,285,36081,Yes,,peppers,50,43.85873767,0.988111979,300,11000,36081,Yes,,43.7191171,43.85873767,-0.139620566,,0.987739664,0.988111979,-0.000372315
peppers,50,12000,43.20257032,0.98641879,341,36081,Yes,,peppers,50,43.43400901,0.987591554,309,12000,36081,Yes,,43.20257032,43.43400901,-0.231438686,,0.98641879,0.987591554,-0.001172764
peppers,50,13000,42.83709393,0.985674018,363,36081,Yes,,peppers,50,43.03303307,0.986756003,329,13000,36081,Yes,,42.83709393,43.03303307,-0.195939137,,0.985674018,0.986756003,-0.001081985
peppers,50,14000,42.47482434,0.985006992,387,36081,Yes,,peppers,50,42.530139,0.985260431,398,14000,36081,Yes,,42.47482434,42.530139,-0.055314661,,0.985006992,0.985260431,-0.000253439
peppers,50,15000,41.85805773,0.98359238,438,36081,Yes,,peppers,50,42.10559637,0.984438536,392,15000,36081,Yes,,41.85805773,42.10559637,-0.247538639,,0.98359238,0.984438536,-0.000846156
peppers,60,1000,56.6816293,0.998555194,96,43509,Yes,,peppers,60,54.78428035,0.999604647,49,1000,43509,Yes,,56.6816293,54.78428035,1.89734895,,0.998555194,0.999604647,-0.001049453
peppers,60,2000,53.40774679,0.997192225,150,43509,Yes,,peppers,60,52.02066068,0.999069793,41,2000,43509,Yes,,53.40774679,52.02066068,1.387086111,,0.997192225,0.999069793,-0.001877568
peppers,60,3000,51.3780301,0.995973536,172,43509,Yes,,peppers,60,50.2164441,0.998269805,50,3000,43509,Yes,,51.3780301,50.2164441,1.161585995,,0.995973536,0.998269805,-0.002296269
peppers,60,4000,49.93330742,0.994921892,204,43509,Yes,,peppers,60,49.12993566,0.997354666,67,4000,43509,Yes,,49.93330742,49.12993566,0.803371758,,0.994921892,0.997354666,-0.002432774
peppers,60,5000,48.79785339,0.99410802,202,43509,Yes,,peppers,60,48.24606894,0.996122732,102,5000,43509,Yes,,48.79785339,48.24606894,0.551784453,,0.99410802,0.996122732,-0.002014712
peppers,60,6000,47.87652042,0.993512828,199,43509,Yes,,peppers,60,47.55729824,0.994782733,136,6000,43509,Yes,,47.87652042,47.55729824,0.31922218,,0.993512828,0.994782733,-0.001269905
peppers,60,7000,47.12221547,0.993086523,214,43509,Yes,,peppers,60,47.02661183,0.993353242,219,7000,43509,Yes,,47.12221547,47.02661183,0.095603643,,0.993086523,0.993353242,-0.000266719
peppers,60,8000,46.5893103,0.992066495,289,43509,Yes,,peppers,60,46.61684846,0.992763103,235,8000,43509,Yes,,46.5893103,46.61684846,-0.027538163,,0.992066495,0.992763103,-0.000696608
peppers,60,9000,46.18701922,0.991101184,333,43509,Yes,,peppers,60,46.19426832,0.992372999,252,9000,43509,Yes,,46.18701922,46.19426832,-0.007249104,,0.991101184,0.992372999,-0.001271815
peppers,60,10000,45.78358552,0.99032409,341,43509,Yes,,peppers,60,45.80335483,0.991789436,245,10000,43509,Yes,,45.78358552,45.80335483,-0.019769312,,0.99032409,0.991789436,-0.001465346
peppers,60,11000,45.44465136,0.989776641,356,43509,Yes,,peppers,60,45.44695473,0.991074382,267,11000,43509,Yes,,45.44465136,45.44695473,-0.002303368,,0.989776641,0.991074382,-0.001297741
peppers,60,12000,45.11986587,0.989406878,375,43509,Yes,,peppers,60,45.1306047,0.990080432,317,12000,43509,Yes,,45.11986587,45.1306047,-0.010738831,,0.989406878,0.990080432,-0.000673554
peppers,60,13000,44.74832844,0.988674272,419,43509,Yes,,peppers,60,44.83657992,0.989196793,377,13000,43509,Yes,,44.74832844,44.83657992,-0.088251476,,0.988674272,0.989196793,-0.000522521
peppers,60,14000,44.25484419,0.987535361,441,43509,Yes,,peppers,60,44.50980431,0.988838449,384,14000,43509,Yes,,44.25484419,44.50980431,-0.254960119,,0.987535361,0.988838449,-0.001303088
peppers,60,15000,43.93146484,0.986880508,481,43509,Yes,,peppers,60,44.17653204,0.988264674,400,15000,43509,Yes,,43.93146484,44.17653204,-0.245067201,,0.986880508,0.988264674,-0.001384166
peppers,70,1000,59.12639218,0.999096343,83,53805,Yes,,peppers,70,57.22095185,0.999770846,25,1000,53805,Yes,,59.12639218,57.22095185,1.905440333,,0.999096343,0.999770846,-0.000674503
peppers,70,2000,55.83260272,0.998227843,142,53805,Yes,,peppers,70,54.17013144,0.999397891,27,2000,53805,Yes,,55.83260272,54.17013144,1.662471278,,0.998227843,0.999397891,-0.001170048
peppers,70,3000,53.76980297,0.997335747,142,53805,Yes,,peppers,70,52.53266265,0.998947746,69,3000,53805,Yes,,53.76980297,52.53266265,1.237140318,,0.997335747,0.998947746,-0.001611999
peppers,70,4000,52.33744828,0.996562911,182,53805,Yes,,peppers,70,51.40621985,0.9984049,59,4000,53805,Yes,,52.33744828,51.40621985,0.93122843,,0.996562911,0.9984049,-0.001841989
peppers,70,5000,51.30543722,0.995997026,176,53805,Yes,,peppers,70,50.47360522,0.997637074,68,5000,53805,Yes,,51.30543722,50.47360522,0.831831997,,0.995997026,0.997637074,-0.001640048
peppers,70,6000,50.42947672,0.995533482,206,53805,Yes,,peppers,70,49.8017188,0.996880037,93,6000,53805,Yes,,50.42947672,49.8017188,0.627757925,,0.995533482,0.996880037,-0.001346555
peppers,70,7000,49.62775639,0.995164573,200,53805,Yes,,peppers,70,49.21290273,0.995943782,134,7000,53805,Yes,,49.62775639,49.21290273,0.414853657,,0.995164573,0.995943782,-0.000779209
peppers,70,8000,48.94982465,0.994897498,205,53805,Yes,,peppers,70,48.76812923,0.995040368,196,8000,53805,Yes,,48.94982465,48.76812923,0.181695417,,0.994897498,0.995040368,-0.00014287
peppers,70,9000,48.46697264,0.994145475,273,53805,Yes,,peppers,70,48.39283926,0.994651532,197,9000,53805,Yes,,48.46697264,48.39283926,0.074133385,,0.994145475,0.994651532,-0.000506057
peppers,70,10000,48.10737488,0.993438617,305,53805,Yes,,peppers,70,48.04926884,0.994435468,236,10000,53805,Yes,,48.10737488,48.04926884,0.058106044,,0.993438617,0.994435468,-0.000996851
peppers,70,11000,47.7682876,0.992852945,339,53805,Yes,,peppers,70,47.74459277,0.99416835,222,11000,53805,Yes,,47.7682876,47.74459277,0.023694835,,0.992852945,0.99416835,-0.001315405
peppers,70,12000,47.47618144,0.992433706,354,53805,Yes,,peppers,70,47.46619019,0.993812725,217,12000,53805,Yes,,47.47618144,47.46619019,0.00999125,,0.992433706,0.993812725,-0.001379019
peppers,70,13000,47.20938572,0.992107374,375,53805,Yes,,peppers,70,47.17173479,0.993291517,241,13000,53805,Yes,,47.20938572,47.17173479,0.037650928,,0.992107374,0.993291517,-0.001184143
peppers,70,14000,46.94221839,0.991856401,362,53805,Yes,,peppers,70,46.91780447,0.992672192,281,14000,53805,Yes,,46.94221839,46.91780447,0.024413918,,0.991856401,0.992672192,-0.000815791
peppers,70,15000,46.68854117,0.991678303,374,53805,Yes,,peppers,70,46.62352911,0.991759348,371,15000,53805,Yes,,46.68854117,46.62352911,0.065012059,,0.991678303,0.991759348,-8.10453E-05
peppers,80,1000,61.51788083,0.999468757,78,70980,Yes,,peppers,80,60.61006579,0.999891868,28,1000,70980,Yes,,61.51788083,60.61006579,0.907815041,,0.999468757,0.999891868,-0.000423111
peppers,80,2000,58.43341419,0.998974819,99,70980,Yes,,peppers,80,57.61386251,0.999723364,34,2000,70980,Yes,,58.43341419,57.61386251,0.819551684,,0.998974819,0.999723364,-0.000748545
peppers,80,3000,56.4710814,0.998472067,107,70980,Yes,,peppers,80,55.81526559,0.999489435,35,3000,70980,Yes,,56.4710814,55.81526559,0.655815811,,0.998472067,0.999489435,-0.001017368
peppers,80,4000,55.1267871,0.99806355,120,70980,Yes,,peppers,80,54.66115644,0.999217568,45,4000,70980,Yes,,55.1267871,54.66115644,0.465630656,,0.99806355,0.999217568,-0.001154018
peppers,80,5000,54.07702856,0.997683202,125,70980,Yes,,peppers,80,53.69673876,0.998846553,53,5000,70980,Yes,,54.07702856,53.69673876,0.380289801,,0.997683202,0.998846553,-0.001163351
peppers,80,6000,53.20430703,0.997384141,156,70980,Yes,,peppers,80,52.95186973,0.998457012,52,6000,70980,Yes,,53.20430703,52.95186973,0.252437297,,0.997384141,0.998457012,-0.001072871
peppers,80,7000,52.49439537,0.997147512,139,70980,Yes,,peppers,80,52.32367912,0.997982106,59,7000,70980,Yes,,52.49439537,52.32367912,0.170716252,,0.997147512,0.997982106,-0.000834594
peppers,80,8000,51.84232475,0.996960658,146,70980,Yes,,peppers,80,51.78864798,0.997461704,105,8000,70980,Yes,,51.84232475,51.78864798,0.053676766,,0.996960658,0.997461704,-0.000501046
peppers,80,9000,51.28004683,0.996832245,154,70980,Yes,,peppers,80,51.33561778,0.996926844,139,9000,70980,Yes,,51.28004683,51.33561778,-0.055570951,,0.996832245,0.996926844,-9.45993E-05
peppers,80,10000,50.86622883,0.996379667,224,70980,Yes,,peppers,80,50.94747581,0.996761148,139,10000,70980,Yes,,50.86622883,50.94747581,-0.081246977,,0.996379667,0.996761148,-0.000381481
peppers,80,11000,50.51396889,0.99588795,262,70980,Yes,,peppers,80,50.59318076,0.996642473,157,11000,70980,Yes,,50.51396889,50.59318076,-0.079211872,,0.99588795,0.996642473,-0.000754523
peppers,80,12000,50.208177,0.995488395,290,70980,Yes,,peppers,80,50.27085205,0.996464121,138,12000,70980,Yes,,50.208177,50.27085205,-0.062675055,,0.995488395,0.996464121,-0.000975726
peppers,80,13000,49.89974205,0.995129674,299,70980,Yes,,peppers,80,49.96319142,0.996229208,164,13000,70980,Yes,,49.89974205,49.96319142,-0.063449372,,0.995129674,0.996229208,-0.001099534
peppers,80,14000,49.63379394,0.99486076,302,70980,Yes,,peppers,80,49.6906004,0.995945816,164,14000,70980,Yes,,49.63379394,49.6906004,-0.056806457,,0.99486076,0.995945816,-0.001085056
peppers,80,15000,49.3716508,0.994646213,325,70980,Yes,,peppers,80,49.43796167,0.995603607,181,15000,70980,Yes,,49.3716508,49.43796167,-0.066310875,,0.994646213,0.995603607,-0.000957394
peppers,90,1000,65.01161023,0.999743236,31,117591,Yes,,peppers,90,64.52818079,0.999953526,-9,1000,117591,Yes,,65.01161023,64.52818079,0.483429438,,0.999743236,0.999953526,-0.00021029
peppers,90,2000,62.0791524,0.999524959,1,117591,Yes,,peppers,90,61.50417044,0.999881049,62,2000,117591,Yes,,62.0791524,61.50417044,0.574981962,,0.999524959,0.999881049,-0.00035609
peppers,90,3000,60.24659554,0.999316178,38,117591,Yes,,peppers,90,59.84506641,0.999793711,24,3000,117591,Yes,,60.24659554,59.84506641,0.401529127,,0.999316178,0.999793711,-0.000477533
peppers,90,4000,58.94720473,0.999127527,21,117591,Yes,,peppers,90,58.60644833,0.999684526,-12,4000,117591,Yes,,58.94720473,58.60644833,0.340756405,,0.999127527,0.999684526,-0.000556999
peppers,90,5000,57.90994529,0.998959459,23,117591,Yes,,peppers,90,57.65984662,0.999551197,-18,5000,117591,Yes,,57.90994529,57.65984662,0.250098667,,0.998959459,0.999551197,-0.000591738
peppers,90,6000,57.07574854,0.998803054,25,117591,Yes,,peppers,90,56.86634985,0.999395869,-61,6000,117591,Yes,,57.07574854,56.86634985,0.209398689,,0.998803054,0.999395869,-0.000592815
peppers,90,7000,56.38378534,0.998673676,-11,117591,Yes,,peppers,90,56.2109852,0.99922667,-49,7000,117591,Yes,,56.38378534,56.2109852,0.172800138,,0.998673676,0.99922667,-0.000552994
peppers,90,8000,55.79499702,0.998573871,10,117591,Yes,,peppers,90,55.6471872,0.999027443,-15,8000,117591,Yes,,55.79499702,55.6471872,0.147809823,,0.998573871,0.999027443,-0.000453572
peppers,90,9000,55.27744505,0.998493012,-59,117591,Yes,,peppers,90,55.16972045,0.998820803,19,9000,117591,Yes,,55.27744505,55.16972045,0.107724605,,0.998493012,0.998820803,-0.000327791
peppers,90,10000,54.80418188,0.99842653,1,117591,Yes,,peppers,90,54.73276219,0.998588095,-15,10000,117591,Yes,,54.80418188,54.73276219,0.071419692,,0.99842653,0.998588095,-0.000161565
peppers,90,11000,54.42152389,0.998351041,27,117591,Yes,,peppers,90,54.37662357,0.998366268,16,11000,117591,Yes,,54.42152389,54.37662357,0.044900321,,0.998351041,0.998366268,-1.52266E-05
peppers,90,12000,54.18793794,0.998189537,8,117591,Yes,,peppers,90,54.1960986,0.998343139,9,12000,117591,Yes,,54.18793794,54.1960986,-0.008160662,,0.998189537,0.998343139,-0.000153602
peppers,90,13000,53.97307689,0.998056037,17,117591,Yes,,peppers,90,54.00236884,0.998302323,10,13000,117591,Yes,,53.97307689,54.00236884,-0.029291947,,0.998056037,0.998302323,-0.000246286
peppers,90,14000,53.78939048,0.997945515,22,117591,Yes,,peppers,90,53.81777224,0.998257035,10,14000,117591,Yes,,53.78939048,53.81777224,-0.028381764,,0.997945515,0.998257035,-0.00031152
peppers,90,15000,53.61233937,0.997848198,18,117591,Yes,,peppers,90,53.64105656,0.998198258,4,15000,117591,Yes,,53.61233937,53.64105656,-0.02871719,,0.997848198,0.998198258,-0.00035006
splash,50,1000,54.9679646,0.997962713,119,24846,Yes,,splash,50,53.52134459,0.999023097,23,1000,24846,Yes,,54.9679646,53.52134459,1.446620007,,0.997962713,0.999023097,-0.001060384
splash,50,2000,51.68264403,0.996021071,162,24846,Yes,,splash,50,50.58608933,0.997702258,31,2000,24846,Yes,,51.68264403,50.58608933,1.096554697,,0.996021071,0.997702258,-0.001681187
splash,50,3000,49.73898521,0.994329755,210,24846,Yes,,splash,50,49.03128552,0.996122058,49,3000,24846,Yes,,49.73898521,49.03128552,0.707699686,,0.994329755,0.996122058,-0.001792303
splash,50,4000,48.2936578,0.99298292,202,24846,Yes,,splash,50,47.93354895,0.99419614,96,4000,24846,Yes,,48.2936578,47.93354895,0.360108853,,0.99298292,0.99419614,-0.00121322
splash,50,5000,47.13756956,0.991787498,233,24846,Yes,,splash,50,47.16129264,0.992278957,183,5000,24846,Yes,,47.13756956,47.16129264,-0.023723083,,0.991787498,0.992278957,-0.000491459
splash,50,6000,46.33279619,0.990329902,294,24846,Yes,,splash,50,46.48660834,0.991111967,211,6000,24846,Yes,,46.33279619,46.48660834,-0.153812154,,0.990329902,0.991111967,-0.000782065
splash,50,7000,45.0504384,0.988215411,323,24846,Yes,,splash,50,45.43352669,0.989539851,255,7000,24846,Yes,,45.0504384,45.43352669,-0.383088289,,0.988215411,0.989539851,-0.00132444
splash,50,8000,44.56323747,0.987237305,342,24846,Yes,,splash,50,44.59788167,0.987488432,305,8000,24846,Yes,,44.56323747,44.59788167,-0.034644201,,0.987237305,0.987488432,-0.000251127
splash,50,9000,43.88307756,0.985735232,369,24846,Yes,,splash,50,44.11005094,0.986307539,313,9000,24846,Yes,,43.88307756,44.11005094,-0.226973376,,0.985735232,0.986307539,-0.000572307
splash,50,10000,43.25763983,0.984422116,398,24846,Yes,,splash,50,43.52778055,0.984751484,386,10000,24846,Yes,,43.25763983,43.52778055,-0.270140719,,0.984422116,0.984751484,-0.000329368
splash,50,11000,42.60949434,0.983090968,432,24846,Yes,,splash,50,42.83286554,0.983104337,428,11000,24846,Yes,,42.60949434,42.83286554,-0.2233712,,0.983090968,0.983104337,-1.33694E-05
splash,50,12000,42.33510095,0.982716324,444,24846,No,,splash,50,42.40316661,0.982452612,438,12000,24846,No,,42.33510095,42.40316661,-0.068065658,,0.982716324,0.982452612,0.000263712
splash,50,13000,42.33510095,0.982716324,444,24846,No,,splash,50,42.40316661,0.982452612,438,13000,24846,No,,42.33510095,42.40316661,-0.068065658,,0.982716324,0.982452612,0.000263712
splash,50,14000,42.33510095,0.982716324,444,24846,No,,splash,50,42.40316661,0.982452612,438,14000,24846,No,,42.33510095,42.40316661,-0.068065658,,0.982716324,0.982452612,0.000263712
splash,50,15000,42.33510095,0.982716324,444,24846,No,,splash,50,42.40316661,0.982452612,438,15000,24846,No,,42.33510095,42.40316661,-0.068065658,,0.982716324,0.982452612,0.000263712
splash,60,1000,56.48966136,0.998486305,99,31221,Yes,,splash,60,54.94682246,0.999243549,42,1000,31221,Yes,,56.48966136,54.94682246,1.542838897,,0.998486305,0.999243549,-0.000757244
splash,60,2000,53.38574615,0.996980361,169,31221,Yes,,splash,60,52.18660798,0.998255847,34,2000,31221,Yes,,53.38574615,52.18660798,1.199138171,,0.996980361,0.998255847,-0.001275486
splash,60,3000,51.46186985,0.995732739,215,31221,Yes,,splash,60,50.57633203,0.997021875,82,3000,31221,Yes,,51.46186985,50.57633203,0.885537824,,0.995732739,0.997021875,-0.001289136
splash,60,4000,50.08901211,0.99452706,220,31221,Yes,,splash,60,49.4426651,0.995708181,95,4000,31221,Yes,,50.08901211,49.4426651,0.646347011,,0.99452706,0.995708181,-0.001181121
splash,60,5000,49.00324611,0.993434625,255,31221,Yes,,splash,60,48.58881296,0.994338795,149,5000,31221,Yes,,49.00324611,48.58881296,0.414433146,,0.993434625,0.994338795,-0.00090417
splash,60,6000,48.02934867,0.992507438,261,31221,Yes,,splash,60,47.91495527,0.99275702,243,6000,31221,Yes,,48.02934867,47.91495527,0.114393404,,0.992507438,0.99275702,-0.000249582
splash,60,7000,47.38208243,0.991262648,330,31221,Yes,,splash,60,47.37023268,0.992108462,269,7000,31221,Yes,,47.38208243,47.37023268,0.01184975,,0.991262648,0.992108462,-0.000845814
splash,60,8000,46.65076734,0.989888982,396,31221,Yes,,splash,60,46.85031971,0.991208182,287,8000,31221,Yes,,46.65076734,46.85031971,-0.199552366,,0.989888982,0.991208182,-0.0013192
splash,60,9000,45.88235717,0.988497834,411,31221,Yes,,splash,60,45.87211238,0.989547116,344,9000,31221,Yes,,45.88235717,45.87211238,0.010244789,,0.988497834,0.989547116,-0.001049282
splash,60,10000,45.5251141,0.987893823,435,31221,Yes,,splash,60,45.45045677,0.98810708,406,10000,31221,Yes,,45.5251141,45.45045677,0.07465733,,0.987893823,0.98810708,-0.000213257
splash,60,11000,44.93317077,0.986400543,491,31221,Yes,,splash,60,45.09656414,0.987364042,450,11000,31221,Yes,,44.93317077,45.09656414,-0.163393375,,0.986400543,0.987364042,-0.000963499
splash,60,12000,44.49242985,0.985444944,513,31221,Yes,,splash,60,44.57175584,0.985961759,501,12000,31221,Yes,,44.49242985,44.57175584,-0.079325994,,0.985444944,0.985961759,-0.000516815
splash,60,13000,44.00280428,0.984241041,571,31221,Yes,,splash,60,44.15711295,0.984905925,540,13000,31221,Yes,,44.00280428,44.15711295,-0.154308671,,0.984241041,0.984905925,-0.000664884
splash,60,14000,43.53668729,0.983171315,586,31221,Yes,,splash,60,43.62587562,0.983595443,595,14000,31221,Yes,,43.53668729,43.62587562,-0.089188326,,0.983171315,0.983595443,-0.000424128
splash,60,15000,42.86067506,0.982083936,659,31221,No,,splash,60,43.00899915,0.982591515,629,15000,31221,No,,42.86067506,43.00899915,-0.148324091,,0.982083936,0.982591515,-0.000507579
splash,70,1000,58.80945935,0.999024088,105,40233,Yes,,splash,70,57.4793316,0.999546429,27,1000,40233,Yes,,58.80945935,57.4793316,1.330127746,,0.999024088,0.999546429,-0.000522341
splash,70,2000,55.72588777,0.998148146,126,40233,Yes,,splash,70,54.70399311,0.998898585,47,2000,40233,Yes,,55.72588777,54.70399311,1.021894663,,0.998148146,0.998898585,-0.000750439
splash,70,3000,53.83129421,0.99729937,176,40233,Yes,,splash,70,53.0414213,0.998127232,59,3000,40233,Yes,,53.83129421,53.0414213,0.789872906,,0.99729937,0.998127232,-0.000827862
splash,70,4000,52.45121747,0.996444356,204,40233,Yes,,splash,70,51.92773695,0.997412001,112,4000,40233,Yes,,52.45121747,51.92773695,0.523480525,,0.996444356,0.997412001,-0.000967645
splash,70,5000,51.38457851,0.995748126,220,40233,Yes,,splash,70,51.07843752,0.996642748,130,5000,40233,Yes,,51.38457851,51.07843752,0.306140988,,0.995748126,0.996642748,-0.000894622
splash,70,6000,50.54834708,0.99504322,234,40233,Yes,,splash,70,50.3898036,0.995811882,155,6000,40233,Yes,,50.54834708,50.3898036,0.158543479,,0.99504322,0.995811882,-0.000768662
splash,70,7000,49.75390972,0.994485156,237,40233,Yes,,splash,70,49.77882581,0.994862257,218,7000,40233,Yes,,49.75390972,49.77882581,-0.024916091,,0.994485156,0.994862257,-0.000377101
splash,70,8000,49.16399585,0.993655815,314,40233,Yes,,splash,70,49.31370546,0.99431298,271,8000,40233,Yes,,49.16399585,49.31370546,-0.149709614,,0.993655815,0.99431298,-0.000657165
splash,70,9000,48.66033095,0.992690779,395,40233,Yes,,splash,70,48.89027866,0.993869256,282,9000,40233,Yes,,48.66033095,48.89027866,-0.229947706,,0.992690779,0.993869256,-0.001178477
splash,70,10000,47.94218564,0.991753856,426,40233,Yes,,splash,70,48.49680735,0.993308222,302,10000,40233,Yes,,47.94218564,48.49680735,-0.554621713,,0.991753856,0.993308222,-0.001554366
splash,70,11000,47.60573665,0.991095583,448,40233,Yes,,splash,70,47.87861466,0.992443585,321,11000,40233,Yes,,47.60573665,47.87861466,-0.272878008,,0.991095583,0.992443585,-0.001348002
splash,70,12000,47.33341441,0.990632454,475,40233,Yes,,splash,70,47.41296531,0.991535516,376,12000,40233,Yes,,47.33341441,47.41296531,-0.079550904,,0.990632454,0.991535516,-0.000903062
splash,70,13000,47.0365931,0.990173389,482,40233,Yes,,splash,70,46.97180397,0.990429442,470,13000,40233,Yes,,47.0365931,46.97180397,0.064789133,,0.990173389,0.990429442,-0.000256053
splash,70,14000,46.32611043,0.988809091,554,40233,Yes,,splash,70,46.67483505,0.990023544,469,14000,40233,Yes,,46.32611043,46.67483505,-0.34872462,,0.988809091,0.990023544,-0.001214453
splash,70,15000,45.953531,0.987985181,575,40233,Yes,,splash,70,46.2809918,0.989236315,489,15000,40233,Yes,,45.953531,46.2809918,-0.327460798,,0.987985181,0.989236315,-0.001251134
splash,80,1000,61.25871727,0.999472201,57,54756,Yes,,splash,80,60.51666553,0.999759909,0,1000,54756,Yes,,61.25871727,60.51666553,0.742051743,,0.999472201,0.999759909,-0.000287708
splash,80,2000,58.14298086,0.998943084,77,54756,Yes,,splash,80,57.69896714,0.999387747,2,2000,54756,Yes,,58.14298086,57.69896714,0.444013717,,0.998943084,0.999387747,-0.000444663
splash,80,3000,56.31061198,0.998429992,103,54756,Yes,,splash,80,56.01528175,0.998974939,23,3000,54756,Yes,,56.31061198,56.01528175,0.29533023,,0.998429992,0.998974939,-0.000544947
splash,80,4000,55.03185332,0.99795419,129,54756,Yes,,splash,80,54.81883967,0.998519629,52,4000,54756,Yes,,55.03185332,54.81883967,0.213013648,,0.99795419,0.998519629,-0.000565439
splash,80,5000,54.02960386,0.99748237,139,54756,Yes,,splash,80,53.88082297,0.998054008,68,5000,54756,Yes,,54.02960386,53.88082297,0.148780893,,0.99748237,0.998054008,-0.000571638
splash,80,6000,53.23001243,0.99708215,156,54756,Yes,,splash,80,53.13338254,0.997567783,79,6000,54756,Yes,,53.23001243,53.13338254,0.096629891,,0.99708215,0.997567783,-0.000485633
splash,80,7000,52.50359053,0.996677032,179,54756,Yes,,splash,80,52.50123327,0.997052194,99,7000,54756,Yes,,52.50359053,52.50123327,0.002357262,,0.996677032,0.997052194,-0.000375162
splash,80,8000,51.8610172,0.99639754,144,54756,Yes,,splash,80,51.97192378,0.996522254,147,8000,54756,Yes,,51.8610172,51.97192378,-0.110906581,,0.99639754,0.996522254,-0.000124714
splash,80,9000,51.38412295,0.995916931,229,54756,Yes,,splash,80,51.49499425,0.996178716,169,9000,54756,Yes,,51.38412295,51.49499425,-0.110871299,,0.995916931,0.996178716,-0.000261785
splash,80,10000,50.94519478,0.995404152,292,54756,Yes,,splash,80,51.11882845,0.995928234,170,10000,54756,Yes,,50.94519478,51.11882845,-0.173633668,,0.995404152,0.995928234,-0.000524082
splash,80,11000,50.47039569,0.994930151,326,54756,Yes,,splash,80,50.74780488,0.995570339,198,11000,54756,Yes,,50.47039569,50.74780488,-0.277409194,,0.994930151,0.995570339,-0.000640188
splash,80,12000,50.17362068,0.994543415,323,54756,Yes,,splash,80,50.41984012,0.995197265,201,12000,54756,Yes,,50.17362068,50.41984012,-0.246219443,,0.994543415,0.995197265,-0.00065385
splash,80,13000,49.89073886,0.99415566,350,54756,Yes,,splash,80,50.11857675,0.994798573,207,13000,54756,Yes,,49.89073886,50.11857675,-0.227837895,,0.99415566,0.994798573,-0.000642913
splash,80,14000,49.61533329,0.993814052,363,54756,Yes,,splash,80,49.70340756,0.994289808,259,14000,54756,Yes,,49.61533329,49.70340756,-0.088074274,,0.993814052,0.994289808,-0.000475756
splash,80,15000,49.35402778,0.993544643,347,54756,Yes,,splash,80,49.40726841,0.993782451,315,15000,54756,Yes,,49.35402778,49.40726841,-0.053240629,,0.993544643,0.993782451,-0.000237808
splash,90,1000,65.13284704,0.999767403,38,89463,Yes,,splash,90,64.46290448,0.999889158,16,1000,89463,Yes,,65.13284704,64.46290448,0.669942559,,0.999767403,0.999889158,-0.000121755
splash,90,2000,61.92206164,0.999516747,42,89463,Yes,,splash,90,61.57938583,0.999731533,21,2000,89463,Yes,,61.92206164,61.57938583,0.342675806,,0.999516747,0.999731533,-0.000214786
splash,90,3000,60.20980777,0.999298832,35,89463,Yes,,splash,90,59.82128417,0.999536404,27,3000,89463,Yes,,60.20980777,59.82128417,0.388523597,,0.999298832,0.999536404,-0.000237572
splash,90,4000,58.91950259,0.999066995,37,89463,Yes,,splash,90,58.63445008,0.99933839,35,4000,89463,Yes,,58.91950259,58.63445008,0.285052506,,0.999066995,0.99933839,-0.000271395
splash,90,5000,57.91262286,0.998832595,35,89463,Yes,,splash,90,57.67145639,0.999122337,9,5000,89463,Yes,,57.91262286,57.67145639,0.24116647,,0.998832595,0.999122337,-0.000289742
splash,90,6000,57.10979568,0.998634431,38,89463,Yes,,splash,90,56.92820413,0.998915407,32,6000,89463,Yes,,57.10979568,56.92820413,0.181591549,,0.998634431,0.998915407,-0.000280976
splash,90,7000,56.41961052,0.998435326,63,89463,Yes,,splash,90,56.29723182,0.998684629,13,7000,89463,Yes,,56.41961052,56.29723182,0.122378705,,0.998435326,0.998684629,-0.000249303
splash,90,8000,55.83396925,0.998244119,16,89463,Yes,,splash,90,55.71571059,0.998465492,-6,8000,89463,Yes,,55.83396925,55.71571059,0.118258663,,0.998244119,0.998465492,-0.000221373
splash,90,9000,55.31721881,0.998079897,27,89463,Yes,,splash,90,55.25056109,0.998235832,8,9000,89463,Yes,,55.31721881,55.25056109,0.066657723,,0.998079897,0.998235832,-0.000155935
splash,90,10000,54.83222914,0.99794157,12,89463,Yes,,splash,90,54.81752617,0.998005564,-3,10000,89463,Yes,,54.83222914,54.81752617,0.014702973,,0.99794157,0.998005564,-6.39938E-05
splash,90,11000,54.50080314,0.997820319,36,89463,Yes,,splash,90,54.54055726,0.997898778,26,11000,89463,Yes,,54.50080314,54.54055726,-0.039754118,,0.997820319,0.997898778,-7.84588E-05
splash,90,12000,54.28258777,0.997679134,50,89463,Yes,,splash,90,54.31570276,0.997811783,5,12000,89463,Yes,,54.28258777,54.31570276,-0.033114989,,0.997679134,0.997811783,-0.000132649
splash,90,13000,54.05778895,0.997534151,69,89463,Yes,,splash,90,54.11431964,0.997712642,11,13000,89463,Yes,,54.05778895,54.11431964,-0.056530689,,0.997534151,0.997712642,-0.000178491
splash,90,14000,53.85394543,0.997404316,62,89463,Yes,,splash,90,53.90836916,0.997599804,2,14000,89463,Yes,,53.85394543,53.90836916,-0.054423735,,0.997404316,0.997599804,-0.000195488
splash,90,15000,53.65522065,0.997274541,44,89463,Yes,,splash,90,53.71527947,0.997477971,3,15000,89463,Yes,,53.65522065,53.71527947,-0.060058815,,0.997274541,0.997477971,-0.00020343
